raw_category,super_category
ABIS_BOOK,Books & Media
PET_FOOD,Pet
GIFT_CARD,Gift Cards & Digital
SHIRT,Apparel & Footwear
NUTRITIONAL_SUPPLEMENT,"Health, Beauty & Personal Care"
ELECTRONIC_CABLE,Electronics & Accessories
HEALTH_PERSONAL_CARE,"Health, Beauty & Personal Care"
MEDICATION,"Health, Beauty & Personal Care"
PANTS,Apparel & Footwear
CELLULAR_PHONE_CASE,Electronics & Accessories
SKIN_MOISTURIZER,"Health, Beauty & Personal Care"
SHOES,Apparel & Footwear
TOYS_AND_GAMES,"Toys, Games & Hobbies"
GROCERY,Grocery & Food & Beverage
SKIN_CLEANING_AGENT,"Health, Beauty & Personal Care"
TOY_FIGURE,"Toys, Games & Hobbies"
FOOD,Grocery & Food & Beverage
HEADPHONES,Electronics & Accessories
PET_SUPPLIES,Pet
COFFEE,Grocery & Food & Beverage
VEGETABLE,Grocery & Food & Beverage
BATTERY,Electronics & Accessories
CLEANING_AGENT,"Home, Kitchen & Bath"
VITAMIN,"Health, Beauty & Personal Care"
SOCKS,Apparel & Footwear
SCREEN_PROTECTOR,Electronics & Accessories
BEAUTY,"Health, Beauty & Personal Care"
DRINK_FLAVORED,Grocery & Food & Beverage
WRITING_INSTRUMENT,"Office, Stationery & Crafts"
HERBAL_SUPPLEMENT,"Health, Beauty & Personal Care"
DRESS,Apparel & Footwear
FRUIT,Grocery & Food & Beverage
CHARGING_ADAPTER,Electronics & Accessories
PORTABLE_ELECTRONIC_DEVICE_COVER,Electronics & Accessories
DRINKING_CUP,Grocery & Food & Beverage
SNACK_FOOD_BAR,Grocery & Food & Beverage
PET_TOY,Pet
HOME,"Home, Kitchen & Bath"
PHYSICAL_MOVIE,Books & Media
PHYSICAL_VIDEO_GAME_SOFTWARE,Gift Cards & Digital
TABLETOP_GAME,"Toys, Games & Hobbies"
UNDERPANTS,Apparel & Footwear
SHORTS,Apparel & Footwear
TEA,Grocery & Food & Beverage
BRA,Apparel & Footwear
ABIS_GIFT_CARD,Gift Cards & Digital
WASTE_BAG,"Home, Kitchen & Bath"
HAT,Apparel & Footwear
DOWNLOADABLE_VIDEO_GAME,Gift Cards & Digital
SNACK_CHIP_AND_CRISP,Grocery & Food & Beverage
SUGAR_CANDY,Grocery & Food & Beverage
OUTDOOR_LIVING,"Home, Kitchen & Bath"
BLANKET,"Home, Kitchen & Bath"
LAUNDRY_DETERGENT,"Home, Kitchen & Bath"
LAMP,"Home, Kitchen & Bath"
STICKER_DECAL,"Office, Stationery & Crafts"
DAIRY_BASED_CHEESE,Grocery & Food & Beverage
KITCHEN,"Home, Kitchen & Bath"
SWIMWEAR,Apparel & Footwear
SAUCE,Grocery & Food & Beverage
HAIR_STYLING_AGENT,"Health, Beauty & Personal Care"
SKIN_CLEANING_WIPE,"Health, Beauty & Personal Care"
LIGHT_BULB,"Home, Kitchen & Bath"
SPORTING_GOODS,"Toys, Games & Hobbies"
MEAT,Grocery & Food & Beverage
ADHESIVE_TAPES,"Office, Stationery & Crafts"
SAFETY_MASK,"Health, Beauty & Personal Care"
BREAKFAST_CEREAL,Grocery & Food & Beverage
ELECTRONIC_ADAPTER,Electronics & Accessories
COOKIE,Grocery & Food & Beverage
INCONTINENCE_PROTECTOR,"Health, Beauty & Personal Care"
ART_CRAFT_KIT,"Office, Stationery & Crafts"
SHAMPOO,"Health, Beauty & Personal Care"
WATER,Grocery & Food & Beverage
TOWEL,"Home, Kitchen & Bath"
CURTAIN,"Home, Kitchen & Bath"
NUT_AND_SEED,Grocery & Food & Beverage
MARKING_PEN,"Office, Stationery & Crafts"
ANIMAL_LITTER,Pet
BONDING_ADHESIVES,"Office, Stationery & Crafts"
ABIS_MUSIC,Books & Media
FOOD_STORAGE_CONTAINER,Grocery & Food & Beverage
TOY_BUILDING_BLOCK,"Toys, Games & Hobbies"
CONDITIONER,"Health, Beauty & Personal Care"
TOILET_PAPER,"Home, Kitchen & Bath"
STRING_LIGHT,"Home, Kitchen & Bath"
CADDY,"Home, Kitchen & Bath"
MINERAL_SUPPLEMENT,"Health, Beauty & Personal Care"
BOTTLE,"Home, Kitchen & Bath"
TOOTH_CLEANING_AGENT,"Health, Beauty & Personal Care"
BREAD,Grocery & Food & Beverage
SWEATSHIRT,Apparel & Footwear
POULTRY,Grocery & Food & Beverage
BABY_PRODUCT,"Health, Beauty & Personal Care"
BODY_DEODORANT,"Health, Beauty & Personal Care"
SANDAL,Apparel & Footwear
PACKAGED_SOUP_AND_STEW,Grocery & Food & Beverage
HERB,Grocery & Food & Beverage
RUG,"Home, Kitchen & Bath"
CHOCOLATE_CANDY,Grocery & Food & Beverage
ANIMAL_NUTRITIONAL_SUPPLEMENT,Pet
SKIN_TREATMENT_MASK,"Health, Beauty & Personal Care"
ORTHOPEDIC_BRACE,"Health, Beauty & Personal Care"
WATCH_BAND,Apparel & Footwear
AUTO_ACCESSORY,"Auto, Tools & Outdoor"
OFFICE_PRODUCTS,"Office, Stationery & Crafts"
PAINT,"Auto, Tools & Outdoor"
NECKLACE,Apparel & Footwear
BLANK_BOOK,Books & Media
NOODLE,Grocery & Food & Beverage
SWEATER,Apparel & Footwear
PROTEIN_SUPPLEMENT_POWDER,"Health, Beauty & Personal Care"
WALL_ART,"Home, Kitchen & Bath"
PUZZLES,"Toys, Games & Hobbies"
INKJET_PRINTER_INK,Electronics & Accessories
FIGURINE,"Toys, Games & Hobbies"
HAIR_COLORING_AGENT,"Health, Beauty & Personal Care"
BED_LINEN_SET,"Home, Kitchen & Bath"
STORAGE_HOOK,"Home, Kitchen & Bath"
FLASH_MEMORY,Electronics & Accessories
ART_SUPPLIES,"Office, Stationery & Crafts"
POTABLE_WATER_FILTER,"Home, Kitchen & Bath"
INPUT_MOUSE,Electronics & Accessories
MASSAGER,"Health, Beauty & Personal Care"
BOOT,Apparel & Footwear
EARRING,Apparel & Footwear
COAT,Apparel & Footwear
JUICE_AND_JUICE_DRINK,Grocery & Food & Beverage
TOOLS,"Auto, Tools & Outdoor"
FRUIT_SNACK,Grocery & Food & Beverage
LABEL,"Office, Stationery & Crafts"
BACKPACK,Apparel & Footwear
SHELF,"Home, Kitchen & Bath"
PICTURE_FRAME,"Home, Kitchen & Bath"
COMPUTER_DRIVE_OR_STORAGE,Electronics & Accessories
AREA_DEODORIZER,"Health, Beauty & Personal Care"
TOOTHBRUSH,"Health, Beauty & Personal Care"
POWER_STRIP,Electronics & Accessories
NAIL_POLISH,"Health, Beauty & Personal Care"
CRACKER,Grocery & Food & Beverage
CLEANING_BRUSH,"Home, Kitchen & Bath"
HAIR_BRUSH,"Health, Beauty & Personal Care"
BODY_POSITIONER,"Health, Beauty & Personal Care"
COSTUME_OUTFIT,Apparel & Footwear
HVAC_AIR_FILTER,"Home, Kitchen & Bath"
CANDLE,"Home, Kitchen & Bath"
PLANT_SEED,"Auto, Tools & Outdoor"
PEST_CONTROL_DEVICE,"Home, Kitchen & Bath"
FLAVORED_DRINK_CONCENTRATE,Grocery & Food & Beverage
SLIPPER,Apparel & Footwear
PILLOW,"Home, Kitchen & Bath"
PORTABLE_ELECTRONIC_DEVICE_MOUNT,Electronics & Accessories
SUNSCREEN,"Health, Beauty & Personal Care"
ELECTRONIC_GIFT_CARD,Gift Cards & Digital
WEIGH_SCALE,"Health, Beauty & Personal Care"
LIP_BALM,"Health, Beauty & Personal Care"
BOARD_GAME,"Toys, Games & Hobbies"
LIGHT_FIXTURE,"Home, Kitchen & Bath"
PAJAMAS,Apparel & Footwear
APPAREL,Apparel & Footwear
STORAGE_BAG,"Home, Kitchen & Bath"
SUNGLASSES,Apparel & Footwear
DIGITAL_DEVICE_3,Electronics & Accessories
NON_RIDING_TOY_VEHICLE,"Toys, Games & Hobbies"
WALLET,Apparel & Footwear
HANDBAG,Apparel & Footwear
ESSENTIAL_OIL,"Health, Beauty & Personal Care"
ELECTRIC_FAN,"Home, Kitchen & Bath"
THERMOMETER,"Health, Beauty & Personal Care"
MATTRESS_COVER,"Home, Kitchen & Bath"
PLANTER,"Home, Kitchen & Bath"
PROTECTIVE_GLOVE,"Health, Beauty & Personal Care"
GREETING_CARD,"Office, Stationery & Crafts"
PORTABLE_ELECTRONIC_DEVICE_STAND,Electronics & Accessories
SPEAKERS,Electronics & Accessories
RING,Apparel & Footwear
FOOD_STORAGE_BAG,Grocery & Food & Beverage
ENVELOPE,"Office, Stationery & Crafts"
KEYBOARDS,Electronics & Accessories
SKIN_FOUNDATION_CONCEALER,"Health, Beauty & Personal Care"
SKIN_EXFOLIANT,"Health, Beauty & Personal Care"
CHAIR,"Home, Kitchen & Bath"
DAIRY_BASED_DRINK,Grocery & Food & Beverage
UTILITY_SPONGE,"Home, Kitchen & Bath"
JERKY,Grocery & Food & Beverage
BRACELET,Apparel & Footwear
PLANNER,"Office, Stationery & Crafts"
OUTDOOR_RECREATION_PRODUCT,"Home, Kitchen & Bath"
EYELID_COLOR,"Health, Beauty & Personal Care"
DISHWASHER_DETERGENT,"Home, Kitchen & Bath"
EDIBLE_OIL_VEGETABLE,Grocery & Food & Beverage
MANUAL_SHAVING_RAZOR,"Health, Beauty & Personal Care"
WOUND_DRESSING,Apparel & Footwear
STORAGE_RACK,"Home, Kitchen & Bath"
CARRIER_BAG_CASE,Apparel & Footwear
MOUTHWASH,"Health, Beauty & Personal Care"
SEASONING,Grocery & Food & Beverage
LEGUME,Grocery & Food & Beverage
PAPER_TOWEL,"Home, Kitchen & Bath"
BANNER,"Office, Stationery & Crafts"
GIFT_WRAP,"Office, Stationery & Crafts"
SKIRT,Apparel & Footwear
PET_PEST_CONTROL,Pet
PERSONAL_FRAGRANCE,"Health, Beauty & Personal Care"
PROFESSIONAL_HEALTHCARE,"Health, Beauty & Personal Care"
PIERCING_JEWELRY,Apparel & Footwear
RECREATION_BALL,"Toys, Games & Hobbies"
SCISSORS,"Office, Stationery & Crafts"
HARDWARE_TUBING,"Auto, Tools & Outdoor"
HAIR_CLIP,"Health, Beauty & Personal Care"
REMOTE_CONTROL,Electronics & Accessories
CONSUMER_ELECTRONICS,Electronics & Accessories
HANGING_ORNAMENT,"Home, Kitchen & Bath"
APPAREL_BELT,Apparel & Footwear
SANITARY_NAPKIN,"Home, Kitchen & Bath"
SKIN_SERUM,"Health, Beauty & Personal Care"
HARDWARE_HANDLE,"Auto, Tools & Outdoor"
PESTICIDE,"Auto, Tools & Outdoor"
VIDEO_GAME_CONTROLLER,Electronics & Accessories
WIG,"Health, Beauty & Personal Care"
PROTEIN_DRINK,Grocery & Food & Beverage
STORAGE_BOX,"Home, Kitchen & Bath"
BATHWATER_ADDITIVE,"Health, Beauty & Personal Care"
VACUUM_CLEANER,"Home, Kitchen & Bath"
ANIMAL_COLLAR,Pet
PET_FEEDER,Pet
COFFEE_MAKER,Grocery & Food & Beverage
WIRELESS_ACCESSORY,Electronics & Accessories
FISH,Pet
BAKING_PAN,"Home, Kitchen & Bath"
BODY_LUBRICANT,"Health, Beauty & Personal Care"
PET_ACTIVITY_STRUCTURE,Pet
SURFACE_CLEANING_WIPE,"Home, Kitchen & Bath"
AUTO_PART,"Auto, Tools & Outdoor"
SHOE_INSERT,Apparel & Footwear
CHEWING_GUM,Grocery & Food & Beverage
SUGAR_SUBSTITUTE,Grocery & Food & Beverage
SYRUP,Grocery & Food & Beverage
TUNIC,Apparel & Footwear
LIP_COLOR,"Health, Beauty & Personal Care"
PHYSICAL_TV_SERIES,Books & Media
PET_BED_MAT,Pet
MEAL_HOLDER,"Home, Kitchen & Bath"
MASCARA,"Health, Beauty & Personal Care"
HAIR_TIE,"Health, Beauty & Personal Care"
DISHWARE_PLATE,"Home, Kitchen & Bath"
CLOTHES_HANGER,"Home, Kitchen & Bath"
DENTAL_FLOSS,"Health, Beauty & Personal Care"
BAKING_MIX,Grocery & Food & Beverage
MOUSE_PAD,Electronics & Accessories
PILLOWCASE,"Home, Kitchen & Bath"
LEOTARD,Apparel & Footwear
INSTRUMENT_PARTS_AND_ACCESSORIES,"Toys, Games & Hobbies"
DISHWARE_BOWL,"Home, Kitchen & Bath"
DIGITAL_DEVICE_4,Electronics & Accessories
LOCK,"Auto, Tools & Outdoor"
YARN,"Office, Stationery & Crafts"
PET_APPAREL,Pet
HAIR_CLEANER_CONDITIONER,"Health, Beauty & Personal Care"
HARDWARE,"Auto, Tools & Outdoor"
ARTIFICIAL_PLANT,"Home, Kitchen & Bath"
POWER_CORD,Electronics & Accessories
NUT_BUTTER,Grocery & Food & Beverage
TIGHTS,Apparel & Footwear
CALENDAR,Books & Media
TRASH_CAN,"Home, Kitchen & Bath"
ELECTRONIC_SWITCH,Electronics & Accessories
HAIRBAND,"Health, Beauty & Personal Care"
BUILDING_MATERIAL,"Auto, Tools & Outdoor"
COSMETIC_BRUSH,"Health, Beauty & Personal Care"
SEXUAL_STIMULATION_DEVICE,"Health, Beauty & Personal Care"
FLAT_SCREEN_DISPLAY_MOUNT,Electronics & Accessories
ART_MEDIA_PAPER,"Office, Stationery & Crafts"
ANIMAL_HARNESS,Pet
POWER_BANK,Electronics & Accessories
MILK_SUBSTITUTE,Grocery & Food & Beverage
NETWORK_INTERFACE_CONTROLLER_ADAPTER,Electronics & Accessories
FERTILIZER,"Auto, Tools & Outdoor"
KEYCHAIN,Apparel & Footwear
DAIRY_BASED_YOGURT,Grocery & Food & Beverage
HANGING_ROD,"Home, Kitchen & Bath"
CONDIMENT,Grocery & Food & Beverage
ASTRINGENT_SUBSTANCE,"Health, Beauty & Personal Care"
THERMOS,"Home, Kitchen & Bath"
COSMETIC_CASE,"Health, Beauty & Personal Care"
MEAL_REPLACEMENT_BEVERAGE,Grocery & Food & Beverage
PRINT_COPY_PAPER,"Office, Stationery & Crafts"
KITCHEN_KNIFE,"Home, Kitchen & Bath"
RESPIRATOR,"Health, Beauty & Personal Care"
DAIRY_BASED_ICE_CREAM,Grocery & Food & Beverage
SAUTE_FRY_PAN,"Home, Kitchen & Bath"
JEWELRY_STORAGE,Apparel & Footwear
APPAREL_HEAD_NECK_COVERING,Apparel & Footwear
ELECTRIC_SHAVER,"Health, Beauty & Personal Care"
DECORATIVE_PILLOW_COVER,"Home, Kitchen & Bath"
FABRIC_SOFTENER,"Office, Stationery & Crafts"
PLUMBING_FIXTURE,"Auto, Tools & Outdoor"
INPUT_PEN,Electronics & Accessories
DRINKING_STRAW,Grocery & Food & Beverage
FLASH_DRIVE,Electronics & Accessories
TABLE,"Home, Kitchen & Bath"
HAIR_TRIMMER,"Health, Beauty & Personal Care"
MICROPHONE,Electronics & Accessories
POPCORN,Grocery & Food & Beverage
COFFEE_FILTER,Grocery & Food & Beverage
VIDEO_GAME_ACCESSORIES,"Toys, Games & Hobbies"
DECORATIVE_SIGNAGE,"Home, Kitchen & Bath"
SNACK_MIX,Grocery & Food & Beverage
DAIRY_BASED_CREAM,Grocery & Food & Beverage
ELECTRONIC_COMPONENT_FAN,Electronics & Accessories
SPORT_ACTIVITY_GLOVE,"Toys, Games & Hobbies"
TOY_FIGURE_PLAYSET,"Toys, Games & Hobbies"
BALLOON,"Toys, Games & Hobbies"
WEARABLE_COMPUTER,Electronics & Accessories
WRITING_BOARD,"Office, Stationery & Crafts"
LINT_REMOVER,"Home, Kitchen & Bath"
WATCH,Apparel & Footwear
COLLECTIBLE_CARD,"Toys, Games & Hobbies"
CLOCK,Electronics & Accessories
HOME_BED_AND_BATH,"Home, Kitchen & Bath"
NIGHTGOWN_NIGHTSHIRT,Apparel & Footwear
FLOUR,Grocery & Food & Beverage
FALSE_NAIL,"Health, Beauty & Personal Care"
SPRAY_BOTTLE,"Home, Kitchen & Bath"
TOOTHBRUSH_HEAD,"Health, Beauty & Personal Care"
CAMCORDER,Electronics & Accessories
THERMOPLASTIC_FILAMENT,"Office, Stationery & Crafts"
ANIMAL_WATER_DISPENSER,Pet
HAIR_COMB,"Health, Beauty & Personal Care"
MAJOR_HOME_APPLIANCES,"Home, Kitchen & Bath"
FURNITURE_COVER,"Home, Kitchen & Bath"
SAFETY_GLASSES,"Auto, Tools & Outdoor"
CEREAL,Grocery & Food & Beverage
RAZOR_BLADE_CARTRIDGE,"Health, Beauty & Personal Care"
APPAREL_GLOVES,Apparel & Footwear
PERSONAL_PILL_DISPENSER,Other / Unknown
SECURITY_CAMERA,Electronics & Accessories
MONITOR,Electronics & Accessories
CARD_DOCUMENT_SLEEVE,"Office, Stationery & Crafts"
MATTRESS,"Home, Kitchen & Bath"
HOME_LIGHTING_ACCESSORY,"Home, Kitchen & Bath"
EXERCISE_BAND,"Toys, Games & Hobbies"
INSECT_REPELLENT,"Home, Kitchen & Bath"
AMAZON_TABLET,Electronics & Accessories
SLEEP_MASK,"Health, Beauty & Personal Care"
PASTRY,Grocery & Food & Beverage
CELLULAR_PHONE,Electronics & Accessories
MEDICAL_TEST_STRIP,"Health, Beauty & Personal Care"
FLASHLIGHT,"Auto, Tools & Outdoor"
VDO_DEVICES,Electronics & Accessories
BED_FRAME,"Home, Kitchen & Bath"
FIDGET_TOY,"Toys, Games & Hobbies"
COSTUME_HEADWEAR,Apparel & Footwear
DESK,"Home, Kitchen & Bath"
CRAFT_BEAD,"Office, Stationery & Crafts"
LEASH,Pet
FILE_FOLDER,"Office, Stationery & Crafts"
MEASURING_CUP,"Home, Kitchen & Bath"
HOME_MIRROR,"Home, Kitchen & Bath"
MULTIPORT_HUB,Electronics & Accessories
FACIAL_TISSUE,"Home, Kitchen & Bath"
EARPLUG,"Health, Beauty & Personal Care"
DECORATIVE_MAGNET,"Home, Kitchen & Bath"
PAINT_BRUSH,"Auto, Tools & Outdoor"
LAUNDRY_HAMPER,"Home, Kitchen & Bath"
MECHANICAL_LIGHTER,"Auto, Tools & Outdoor"
FOOD_SPATULA,Grocery & Food & Beverage
WIPER_BLADE,"Auto, Tools & Outdoor"
EYEBROW_COLOR,"Health, Beauty & Personal Care"
KNIFE,"Home, Kitchen & Bath"
PUFFED_SNACK,Grocery & Food & Beverage
CONTAINER_LID,"Home, Kitchen & Bath"
DRYING_RACK,"Home, Kitchen & Bath"
LITTER_BOX,Pet
EGG,Grocery & Food & Beverage
PRETZEL,Grocery & Food & Beverage
NOTEBOOK_COMPUTER,Gift Cards & Digital
CAKE,Grocery & Food & Beverage
VALVE,"Auto, Tools & Outdoor"
CUTTING_BOARD,"Home, Kitchen & Bath"
THERAPEUTIC_THERMAL_COMPRESS,"Health, Beauty & Personal Care"
HAIR_REMOVAL_AGENT,"Health, Beauty & Personal Care"
THICKENING_AGENT,Grocery & Food & Beverage
BEDDING_SET,"Home, Kitchen & Bath"
ART_AND_CRAFT_SUPPLY,"Office, Stationery & Crafts"
FALSE_EYELASH,"Health, Beauty & Personal Care"
AROMA_DIFFUSER,"Home, Kitchen & Bath"
STANDALONE_STREAMING_MEDIA_PLAYER,Electronics & Accessories
MACHINE_LUBRICANT,"Auto, Tools & Outdoor"
ROBE,Apparel & Footwear
NETWORKING_ROUTER,Electronics & Accessories
SALAD_DRESSING,Apparel & Footwear
TABLECLOTH,"Home, Kitchen & Bath"
ABIS_DVD,Books & Media
BASKET,"Home, Kitchen & Bath"
TOOTH_WHITENER,"Health, Beauty & Personal Care"
HAIR_IRON,"Health, Beauty & Personal Care"
INTERNAL_MEMORY,Electronics & Accessories
PRINTER,Electronics & Accessories
FABRIC,"Office, Stationery & Crafts"
ITEM_CONTAINER,"Home, Kitchen & Bath"
COORDINATED_OUTFIT,Apparel & Footwear
LAB_SUPPLY,Other / Unknown
HUMIDIFIER,"Home, Kitchen & Bath"
AIR_PURIFIER,"Home, Kitchen & Bath"
CULINARY_SALT,Grocery & Food & Beverage
BATTERY_CHARGER,Electronics & Accessories
SHOELACE,Apparel & Footwear
CELL_PHONE_GRIP,Electronics & Accessories
SCULPTING_MATERIAL,Other / Unknown
LEAVENING_AGENT,Other / Unknown
SCIENCE_FUNDAMENTALS_KIT,"Toys, Games & Hobbies"
WATER_PURIFICATION_UNIT,"Home, Kitchen & Bath"
JEWELRY_FINDING,Apparel & Footwear
UMBRELLA,Apparel & Footwear
CHARM,Other / Unknown
WRENCH,"Auto, Tools & Outdoor"
PRETEND_PLAY_TOY,"Toys, Games & Hobbies"
WAIST_PACK,Other / Unknown
TOPICAL_HAIR_REGROWTH_TREATMENT,"Health, Beauty & Personal Care"
HOSE_PIPE_FITTING,Other / Unknown
FOOT_SCRAPER,Other / Unknown
BODY_STRAP,Other / Unknown
HAIR_DRYER,"Health, Beauty & Personal Care"
EXERCISE_MAT,"Toys, Games & Hobbies"
TEETHER,Other / Unknown
ONE_PIECE_OUTFIT,Apparel & Footwear
ITEM_STAND,"Home, Kitchen & Bath"
FITTED_SHEET,Other / Unknown
SCREWDRIVER,"Auto, Tools & Outdoor"
ICE_CUBE_TRAY,Other / Unknown
PUMP_DISPENSER,Other / Unknown
FOOD_SLICER,Grocery & Food & Beverage
SOIL,Other / Unknown
THREAD_CORD,Other / Unknown
VEHICLE_LIGHT_BULB,"Home, Kitchen & Bath"
TRAY,"Home, Kitchen & Bath"
SHOWERHEAD,"Home, Kitchen & Bath"
SIGNAGE,Other / Unknown
VIDEO_GAME_CONSOLE,Electronics & Accessories
WATER_FLOTATION_DEVICE,"Toys, Games & Hobbies"
SHAVING_AGENT,"Health, Beauty & Personal Care"
TAMPON,Other / Unknown
DISPLAY_ALBUM,Other / Unknown
VACUUM_FILTER,"Home, Kitchen & Bath"
CORD_MANAGEMENT_COVER,Other / Unknown
BATHING_SPONGE,Other / Unknown
FOOD_STRAINER,Grocery & Food & Beverage
CARD_STOCK,Other / Unknown
TEXTILE_DEODORIZER,"Health, Beauty & Personal Care"
CONDOM,"Health, Beauty & Personal Care"
AQUARIUM_POND_WATER_TREATMENT,Pet
HAIR_EXTENSION,"Health, Beauty & Personal Care"
INCENSE,Other / Unknown
COUNTERTOP_GRIDDLE_APPLIANCE,"Home, Kitchen & Bath"
PACIFIER,Other / Unknown
CABLE_TIE,Electronics & Accessories
PACKING_MATERIAL,"Office, Stationery & Crafts"
ANIMAL_FUR_CLEANER_CONDITIONER,Pet
FOOD_BLENDER,Grocery & Food & Beverage
BADGE_HOLDER,Other / Unknown
ACCESSORY,Other / Unknown
ENGINE_AIR_FILTER,"Home, Kitchen & Bath"
NON_DAIRY_CREAM,Grocery & Food & Beverage
TABLET_COMPUTER,Electronics & Accessories
NAIL_CLIPPER,"Health, Beauty & Personal Care"
CORRECTIVE_EYEGLASSES,"Health, Beauty & Personal Care"
FASTENER_DRIVE_BIT,"Auto, Tools & Outdoor"
CAMERA_TRIPOD,Electronics & Accessories
STORAGE_BINDER,"Home, Kitchen & Bath"
SUGAR,Grocery & Food & Beverage
MAGAZINES,Books & Media
SCREWS,Other / Unknown
RICE_MIX,Other / Unknown
FLATWARE,"Home, Kitchen & Bath"
TOILET_SEAT,"Home, Kitchen & Bath"
WILDLIFE_FEEDER,"Auto, Tools & Outdoor"
AIR_PUMP,Other / Unknown
TOTE_BAG,Apparel & Footwear
CLOTHES_RACK,"Home, Kitchen & Bath"
POT_HOLDER,Other / Unknown
DRAIN_OPENER_SUBSTANCE,Other / Unknown
DAIRY_BASED_BUTTER,Grocery & Food & Beverage
FAUCET,"Home, Kitchen & Bath"
WALL_PLATE,Other / Unknown
SKIN_CLEANING_BRUSH,"Health, Beauty & Personal Care"
POOL_SPA_WATER_TREATMENT,"Auto, Tools & Outdoor"
COSMETIC_POWDER,"Health, Beauty & Personal Care"
KITCHEN_TOOLS,"Home, Kitchen & Bath"
SPORT_HELMET,"Toys, Games & Hobbies"
CONTACT_LENS_CLEANER,"Health, Beauty & Personal Care"
MUSICAL_INSTRUMENT_STRING,"Toys, Games & Hobbies"
CONSOLE_VIDEO_GAMES,Electronics & Accessories
SPACE_HEATER,"Home, Kitchen & Bath"
CAMERA_CONTINUOUS_LIGHT,Electronics & Accessories
ABIS_DOWNLOADABLE_SOFTWARE,Gift Cards & Digital
DIGITAL_DEVICE_3_ACCESSORY,Electronics & Accessories
TOY_GUN,"Toys, Games & Hobbies"
MULTITOOL,Other / Unknown
SPOON,"Home, Kitchen & Bath"
SELF_STICK_NOTE,"Office, Stationery & Crafts"
COMPUTER_COMPONENT,Electronics & Accessories
GUILD_HOME,Other / Unknown
ANTENNA,Electronics & Accessories
CAMERA_OTHER_ACCESSORIES,Electronics & Accessories
TIMER,Other / Unknown
PIZZA,Grocery & Food & Beverage
FURNITURE,"Home, Kitchen & Bath"
TWEEZER,"Health, Beauty & Personal Care"
MAKEUP_PRIMER,"Health, Beauty & Personal Care"
COTTON_PAD,"Health, Beauty & Personal Care"
PITCHER,"Home, Kitchen & Bath"
FURNITURE_FLOOR_PROTECTOR,"Home, Kitchen & Bath"
GAS_SMOKE_FIRE_ALARM,Electronics & Accessories
HEADPHONE_EARPAD,Electronics & Accessories
SCARF,Apparel & Footwear
BLUE_LIGHT_BLOCKING_EYEGLASSES,"Health, Beauty & Personal Care"
SKIN_PROTECTANT,"Health, Beauty & Personal Care"
KNIFE_SHARPENER,"Home, Kitchen & Bath"
DUFFEL_BAG,Apparel & Footwear
TEMPORARY_TATTOO,"Health, Beauty & Personal Care"
CAN_OPENER,"Home, Kitchen & Bath"
FOOD_PREPARATION_MOLD,Grocery & Food & Beverage
SELF_TANNER,"Health, Beauty & Personal Care"
GAME_DICE,"Toys, Games & Hobbies"
ORAL_IRRIGATOR,"Health, Beauty & Personal Care"
MECHANICAL_COMPONENTS,"Auto, Tools & Outdoor"
SLEEPWEAR,Apparel & Footwear
HOME_FURNITURE_AND_DECOR,"Home, Kitchen & Bath"
COOKIE_CUTTER,Grocery & Food & Beverage
ROLLING_PAPER,Other / Unknown
SHARP_PIN,Other / Unknown
ELECTRIC_LIGHT,"Home, Kitchen & Bath"
TELEVISION,Electronics & Accessories
PRESSURE_COOKER,"Home, Kitchen & Bath"
UTILITY_KNIFE,"Home, Kitchen & Bath"
HARDWARE_CLAMP_VISE,"Home, Kitchen & Bath"
NECKTIE,Other / Unknown
ANIMAL_CARRIER,Pet
ELECTRIC_WATER_BOILER,"Home, Kitchen & Bath"
DECORATIVE_RIBBON_TRIM,Other / Unknown
GRAPHIC_TABLET,Electronics & Accessories
NAIL_TREATMENT,"Health, Beauty & Personal Care"
TOY_VEHICLE_SET,"Toys, Games & Hobbies"
DRINK_COASTER,Grocery & Food & Beverage
VEHICLE_SEAT_COVER,"Auto, Tools & Outdoor"
KEYBOARD_MOUSE_SET,Electronics & Accessories
FISHING_HOOK,"Toys, Games & Hobbies"
VEHICLE_INTERIOR_SHADE,"Auto, Tools & Outdoor"
WINDOW_FILM,"Home, Kitchen & Bath"
NAIL_FILE,"Health, Beauty & Personal Care"
SKIN_CARE_AGENT,"Health, Beauty & Personal Care"
APRON,Other / Unknown
LUXURY_BEAUTY,"Health, Beauty & Personal Care"
DYE,Other / Unknown
HONEY,Grocery & Food & Beverage
VEHICLE_MIRROR,"Auto, Tools & Outdoor"
BAKING_PAPER,Other / Unknown
PERSONAL_CARE_APPLIANCE,"Health, Beauty & Personal Care"
COSTUME_MASK,Apparel & Footwear
CABINET,"Home, Kitchen & Bath"
CURTAIN_FASTENER,"Home, Kitchen & Bath"
DRILL_BITS,"Auto, Tools & Outdoor"
SEALANT,"Auto, Tools & Outdoor"
FABRIC_APPLIQUE_PATCH,"Office, Stationery & Crafts"
CRAFT_WOOD,"Office, Stationery & Crafts"
AIR_MATTRESS,"Home, Kitchen & Bath"
MUSICAL_INSTRUMENTS,"Toys, Games & Hobbies"
ROBOTIC_VACUUM_CLEANER,"Home, Kitchen & Bath"
CELL_PHONE_HOLSTER,Electronics & Accessories
APPENDAGE_WARMER,Other / Unknown
TEMPORARY_GATE,"Home, Kitchen & Bath"
ERASER,Other / Unknown
BABY_BOTTLE,Other / Unknown
APPAREL_PIN,Other / Unknown
WALLPAPER,Other / Unknown
DRAIN_STRAINER,"Home, Kitchen & Bath"
WATER_PUMP,"Auto, Tools & Outdoor"
DUMBBELL,"Toys, Games & Hobbies"
DUST_REMOVAL_TOOL,Other / Unknown
STEP_STOOL,"Auto, Tools & Outdoor"
SYRINGE,Other / Unknown
LICENSE_PLATE_ATTACHMENT,Other / Unknown
BAKING_CHOCOLATE,Grocery & Food & Beverage
FOOD_WRAP,Grocery & Food & Beverage
FURNITURE_LINER,"Home, Kitchen & Bath"
CANDY,Grocery & Food & Beverage
DISPOSABLE_INCONTINENCE_SURFACE_PROTECTOR,"Health, Beauty & Personal Care"
AMAZON_BOOK_READER,Books & Media
SYSTEM_POWER_DEVICE,Electronics & Accessories
FACE_SHAPING_MAKEUP,Other / Unknown
POWER_CONVERTER,Other / Unknown
DEHUMIDIFIER,"Home, Kitchen & Bath"
SWEATBAND,Other / Unknown
TAPE_MEASURE,Other / Unknown
SHIPPING_BOX,Other / Unknown
ELECTRIC_CIRCUIT_TESTING_DEVICE,Other / Unknown
SUITCASE,Apparel & Footwear
COSMETIC_NAIL_SET,"Health, Beauty & Personal Care"
BACKDROP,Other / Unknown
ELECTRIC_HEATING_PAD,Other / Unknown
PICKLE,Grocery & Food & Beverage
CARGO_STRAP,Other / Unknown
SCULPTURE,Other / Unknown
VINEGAR,Grocery & Food & Beverage
LAB_CHEMICAL,Other / Unknown
LAP_DESK,Other / Unknown
BLOOD_PRESSURE_MONITOR,Electronics & Accessories
CAKE_TOPPER,Other / Unknown
BROOM,"Home, Kitchen & Bath"
VIVARIUM,Other / Unknown
SOUND_AND_RECORDING_EQUIPMENT,Electronics & Accessories
ANIMAL_CAGE,Pet
WEED_MOSS_CONTROL_AGENT,Other / Unknown
PICTURE_HANGER,Other / Unknown
LASER_PRINTER_TONER,Electronics & Accessories
RUBBER_STAMP,Other / Unknown
SKIN_BLEMISH_REMOVAL_TOOL,"Health, Beauty & Personal Care"
PENCIL_SHARPENER,"Office, Stationery & Crafts"
CONCENTRATED_FLAVORING_SUBSTANCE,Other / Unknown
BOTTLE_OPENER,Other / Unknown
BREAST_PUMP,Other / Unknown
PAPER_CLIP_CLAMP,"Home, Kitchen & Bath"
COSMETIC_SPONGE,"Health, Beauty & Personal Care"
UTILITY_CART_WAGON,"Home, Kitchen & Bath"
PHOTOGRAPHIC_FILM,Other / Unknown
AUTO_OIL,"Auto, Tools & Outdoor"
UNDERWEAR,Apparel & Footwear
AMAZON_TABLET_ACCESSORY,Electronics & Accessories
WINDOW_SHADE,"Home, Kitchen & Bath"
MOUTH_GUARD,Other / Unknown
NAIL_POLISH_REMOVER,"Health, Beauty & Personal Care"
TEMPLATE_STENCIL,Other / Unknown
WAIST_CINCHER,Other / Unknown
TEA_INFUSER,Grocery & Food & Beverage
PLUG_STOPPER,Other / Unknown
COMPUTER,Electronics & Accessories
VACUUM_CLEANER_BAG,"Home, Kitchen & Bath"
ICE_CHEST,"Home, Kitchen & Bath"
PAPER_TOWEL_HOLDER,"Home, Kitchen & Bath"
INFANT_TODDLER_CAR_SEAT,"Auto, Tools & Outdoor"
CALCULATOR,Electronics & Accessories
ANCHOR_STAKE,Other / Unknown
DRY_SHAMPOO,"Health, Beauty & Personal Care"
PLIERS,"Auto, Tools & Outdoor"
BATH_TOY,"Home, Kitchen & Bath"
PET_PLACEMAT,Pet
WEATHER_STRIPPING,Other / Unknown
MILK_FROTHER,Grocery & Food & Beverage
BABY_FORMULA,"Health, Beauty & Personal Care"
NOISE_MACHINE,Other / Unknown
COMPUTER_ADD_ON,Electronics & Accessories
EARMUFF,Other / Unknown
ANIMAL_INCONTINENCE_PROTECTOR,Pet
HAMMOCK,"Auto, Tools & Outdoor"
SQUEEZE_TOY,"Toys, Games & Hobbies"
UTILITY_HOLSTER_POUCH,Other / Unknown
PERSONAL_COMPUTER,Electronics & Accessories
ELECTRONIC_FINDER,Electronics & Accessories
SAFE,Other / Unknown
JAR,Other / Unknown
VEHICLE_LIGHT_ASSEMBLY,"Auto, Tools & Outdoor"
CRAFT_MOLD,"Office, Stationery & Crafts"
COMPUTER_CHASSIS,Electronics & Accessories
SHEET_PAN,Other / Unknown
HAIR_ROLLER,"Health, Beauty & Personal Care"
MAKE_UP,Other / Unknown
PARTY_DECORATION_PACK,"Home, Kitchen & Bath"
CUP_HOLDER,Other / Unknown
MOUNT_BRACKET,Other / Unknown
SHELLFISH,Other / Unknown
MECHANICAL_BELT,Other / Unknown
CABLE_OR_ADAPTER,Electronics & Accessories
BAKING_MAT,Other / Unknown
WIRELESS_SIGNAL_REPEATER,Electronics & Accessories
TOILET_PAPER_HOLDER,"Home, Kitchen & Bath"
AIR_FRYER,"Home, Kitchen & Bath"
BABY_SEAT,"Toys, Games & Hobbies"
TAPE_LABEL_DISPENSER,"Office, Stationery & Crafts"
ARTIFICIAL_TREE,"Home, Kitchen & Bath"
CE_ACCESSORY,Other / Unknown
FUNNEL,Other / Unknown
HOOK_LOOP_FASTENER,"Auto, Tools & Outdoor"
COOKING_POT,"Home, Kitchen & Bath"
MOTHERBOARD,Electronics & Accessories
RUG_PAD,Other / Unknown
ELECTROMECHANICAL_GAUGE,"Auto, Tools & Outdoor"
RULER,Other / Unknown
COMPUTER_INPUT_DEVICE,Electronics & Accessories
BICYCLE_LIGHT,"Toys, Games & Hobbies"
BLOOD_OXYGEN_MONITOR,Electronics & Accessories
SAW,"Auto, Tools & Outdoor"
TOY_SLIME,"Toys, Games & Hobbies"
FOOD_BIB,Grocery & Food & Beverage
PLECTRUM,Other / Unknown
ABRASIVES,Other / Unknown
BOTTLE_NIPPLE,"Health, Beauty & Personal Care"
ANTI_FATIGUE_FLOOR_MAT,"Home, Kitchen & Bath"
COMPUTER_PROCESSOR,Electronics & Accessories
FIRST_AID_KIT,"Health, Beauty & Personal Care"
OIL_FILTER,Other / Unknown
SAW_BLADE,"Auto, Tools & Outdoor"
WIRELESS_AUDIO_ADAPTER,Electronics & Accessories
VEHICLE_BRAKE_PAD,"Auto, Tools & Outdoor"
VIDEO_CARD,Electronics & Accessories
TOOTHBRUSH_HOLDER,"Health, Beauty & Personal Care"
ANIMAL_SHELTER,Pet
DOORSTOP,Other / Unknown
ADVENT_CALENDAR,Books & Media
GLITTER,Other / Unknown
TOWEL_HOLDER,"Home, Kitchen & Bath"
SLOW_COOKER,"Home, Kitchen & Bath"
PLACEMAT,"Home, Kitchen & Bath"
SOCKSHOSIERY,Apparel & Footwear
TOASTER,"Home, Kitchen & Bath"
CHOPSTICK,Other / Unknown
DOOR,Other / Unknown
ABRASIVE_SHEETS,Other / Unknown
CAMERA_DIGITAL,Electronics & Accessories
HOLE_PUNCH,Other / Unknown
VIRTUAL_REALITY_HEADSET,Electronics & Accessories
HARD_DRIVE_ENCLOSURE,Electronics & Accessories
LIQUID_INK,Other / Unknown
CLINICAL_DIAGNOSTIC_TESTING_KIT,Other / Unknown
SOLID_FIRE_FUEL,Other / Unknown
ELECTRIC_LANTERN,"Auto, Tools & Outdoor"
CAMERA_LENSES,Electronics & Accessories
SOAP_DISH,"Health, Beauty & Personal Care"
SELF_DEFENSE_SPRAY,Other / Unknown
MICROPHONE_STAND,Electronics & Accessories
ELECTRONIC_COMPONENT_TERMINAL,Electronics & Accessories
KNEE_PAD,Other / Unknown
MENSTRUAL_CUP,"Health, Beauty & Personal Care"
MAGNIFIER,Other / Unknown
MOP,"Home, Kitchen & Bath"
STOOL_SEATING,"Home, Kitchen & Bath"
GAMING_EQUIPMENT_ENCLOSURE,"Toys, Games & Hobbies"
WRITING_PAPER,Other / Unknown
GUILD_JEWELRY,Apparel & Footwear
SEASONING_MILL,Grocery & Food & Beverage
MEMORY_CARD_READER,Electronics & Accessories
BIOMETRIC_MONITOR,Electronics & Accessories
BATHTUB_SHOWER_MAT,"Home, Kitchen & Bath"
CANNED_AIR,Other / Unknown
ORCA_SHIRT,Apparel & Footwear
WIRE,Other / Unknown
TONG_UTENSIL,"Home, Kitchen & Bath"
FOUNTAIN,Other / Unknown
TWO_WAY_RADIO,Other / Unknown
TRACK_SUIT,Apparel & Footwear
PHONE_ACCESSORY,Electronics & Accessories
STATIONARY_BICYCLE,"Toys, Games & Hobbies"
MUSICAL_INSTRUMENT_TOY,"Toys, Games & Hobbies"
ELECTRONIC_DEVICE_SKIN,Electronics & Accessories
UTILITY_MAGNET,Other / Unknown
FORK,"Home, Kitchen & Bath"
AIR_COMPRESSOR,"Auto, Tools & Outdoor"
FOOD_MIXER,Grocery & Food & Beverage
PET_HEALTH_CARE,Pet
MUSCLE_ROLLER,Other / Unknown
ELECTRONIC_WIRE,Electronics & Accessories
PANTRY,Apparel & Footwear
VACUUM_SEALER_MACHINE,"Home, Kitchen & Bath"
BAKING_CUP,Other / Unknown
BUBBLE_MAKER,Other / Unknown
SQUEEGEE,Other / Unknown
WHISK_UTENSIL,"Home, Kitchen & Bath"
JUMP_ROPE,"Toys, Games & Hobbies"
CORD_ROPE,Other / Unknown
DISPOSABLE_NAPKIN,"Home, Kitchen & Bath"
FOOD_SCOOP,Grocery & Food & Beverage
RICE_COOKERS,"Home, Kitchen & Bath"
OUTERWEAR,Apparel & Footwear
CAMERA_SUPPORT,Electronics & Accessories
SNOW_PANT,Apparel & Footwear
FLASH_CARD,Other / Unknown
BREAST_PETAL,Other / Unknown
CANDLE_HOLDER,"Home, Kitchen & Bath"
VEHICLE_SCAN_TOOL,"Auto, Tools & Outdoor"
ELECTRIC_FOOD_MILL_GRINDER,Grocery & Food & Beverage
STORAGE_DRAWER,Other / Unknown
VEHICLE_MAT,"Auto, Tools & Outdoor"
HAND_SANITIZER,Other / Unknown
SHOWER_CAP,"Home, Kitchen & Bath"
SUSPENDER,Other / Unknown
STAPLER,"Office, Stationery & Crafts"
SHOVEL_SPADE,"Auto, Tools & Outdoor"
ELECTRONIC_SENSOR,Electronics & Accessories
GUN_HOLSTER,Other / Unknown
ANIMAL_RECOVERY_COLLAR_CONE,Pet
BRA_UNDERWEAR_SET,Apparel & Footwear
HARDWARE_HINGE,"Auto, Tools & Outdoor"
BRASS_AND_WOODWIND_INSTRUMENTS,Other / Unknown
PIPING_TIP,Other / Unknown
CAULKS,"Auto, Tools & Outdoor"
BED_SKIRT,Apparel & Footwear
ANIMAL_VITAMIN,Pet
PARTY_FAVOR,Other / Unknown
PARTY_SUPPLIES,"Toys, Games & Hobbies"
FOOD_GRATER,Grocery & Food & Beverage
HAIR_CARE_AGENT,"Health, Beauty & Personal Care"
ONBOARD_CAMERA,Electronics & Accessories
CYCLING_TIRE_TUBE,"Toys, Games & Hobbies"
TARP,Other / Unknown
AIR_CONDITIONER,"Health, Beauty & Personal Care"
WALKING_STICK,Other / Unknown
DISHWARE_PLACE_SETTING,"Home, Kitchen & Bath"
STRINGED_INSTRUMENTS,"Toys, Games & Hobbies"
BLADED_FOOD_PEELER,Grocery & Food & Beverage
AIMING_SCOPE_SIGHT,"Toys, Games & Hobbies"
NETWORK_SWITCH,Other / Unknown
HARDWARE_STAPLE,"Auto, Tools & Outdoor"
SURFACE_PROTECTION_WAX,Other / Unknown
WINE,Grocery & Food & Beverage
PEN_MARKER_INK_CARTRIDGE_REFILL,Electronics & Accessories
SIM_CARD,Other / Unknown
RADIO,Other / Unknown
HOME_LIGHTING_AND_LAMPS,"Home, Kitchen & Bath"
HOBBIES,Other / Unknown
CAMERA_CLEANER,Electronics & Accessories
BOOKMARK,Books & Media
FOOD_PROCESSOR,Grocery & Food & Beverage
GASKETS,Other / Unknown
BEVERAGE_INSULATOR,Grocery & Food & Beverage
BINDER_DIVIDER,"Office, Stationery & Crafts"
BINOCULAR,"Toys, Games & Hobbies"
COLLAPSIBLE_PLAY_STRUCTURE,"Toys, Games & Hobbies"
EYEGLASS_CASE,"Health, Beauty & Personal Care"
STEERING_WHEEL_COVER,Other / Unknown
MEDICAL_COMPRESSION_GARMENT,"Health, Beauty & Personal Care"
BEER,Grocery & Food & Beverage
CROCHET_HOOK,"Office, Stationery & Crafts"
JEWELRY,Apparel & Footwear
REINFORCED_ART_SURFACE,Other / Unknown
PORTABLE_TOOL_BOX,Other / Unknown
WIND_CHIME,Other / Unknown
PUMP_SPRAYER,Other / Unknown
UNDERGARMENT_SLIP,Other / Unknown
SLEEPING_BAG,"Toys, Games & Hobbies"
AV_SIGNAL_SWITCH,Other / Unknown
REFRIGERATOR,"Home, Kitchen & Bath"
PRELOADED_ELECTRONIC_GAME,Electronics & Accessories
OVERALLS,Apparel & Footwear
FOOD_SHAKER,Grocery & Food & Beverage
SWING,"Toys, Games & Hobbies"
HAND_STRENGTHENER,Other / Unknown
POPCORN_POPPER,Grocery & Food & Beverage
PRIME,Gift Cards & Digital
CASSEROLES,"Home, Kitchen & Bath"
WRIST_REST,Other / Unknown
RIDE_ON_TOY,"Toys, Games & Hobbies"
DRILL,"Auto, Tools & Outdoor"
LANDLINE_PHONE,Other / Unknown
PET_PLAYPEN,Pet
FUSE,Other / Unknown
GARMENT_STEAMER,Grocery & Food & Beverage
HAND_SEWING_NEEDLE,"Office, Stationery & Crafts"
NUTS,Other / Unknown
DRAFT_STOPPER,Other / Unknown
OPTICAL_DISC_DRIVE,Electronics & Accessories
KNITTING_NEEDLE,"Office, Stationery & Crafts"
BARBELL,"Toys, Games & Hobbies"
UNDERGARMENT_THIGH_SLIMMER,Other / Unknown
STRING_TRIMMER,Other / Unknown
SPARK_PLUG,"Auto, Tools & Outdoor"
BODY_PAINT,"Health, Beauty & Personal Care"
KEYCAP,Other / Unknown
BARBECUE_GRILL,"Auto, Tools & Outdoor"
PINBOARD,Other / Unknown
CARPET_UPHOLSTERY_CLEANING_MACHINE,Pet
BLAZER,Other / Unknown
DRESSER,Apparel & Footwear
GAMES,Other / Unknown
TRANSPORT_RACK,"Toys, Games & Hobbies"
COOKWARE_SET,"Home, Kitchen & Bath"
PAPER_PRODUCT,"Office, Stationery & Crafts"
STORAGE_COVER,Other / Unknown
VEST,Other / Unknown
SPORT_EQUIPMENT_BAG_CASE,Apparel & Footwear
GARDEN_SHEAR_SCISSORS,"Auto, Tools & Outdoor"
GUITARS,"Toys, Games & Hobbies"
SHOE_ACCESSORY,Apparel & Footwear
GARLAND,Other / Unknown
ELECTRICAL_PLUG,Other / Unknown
CLOTHES_PIN,Other / Unknown
UNMANNED_AERIAL_VEHICLE,Electronics & Accessories
IRRIGATION_SPRINKLER,"Auto, Tools & Outdoor"
TURNTABLE,Electronics & Accessories
HVAC_CONTROL_THERMOSTAT,"Home, Kitchen & Bath"
BUCKET,Other / Unknown
RAW_MATERIALS,Other / Unknown
STEAM_CLEANER,Grocery & Food & Beverage
FOOD_GLITTER_SPRINKLE,Grocery & Food & Beverage
CHAIR_MAT,"Health, Beauty & Personal Care"
GRILL_SMOKER_COVER,"Auto, Tools & Outdoor"
BICYCLE_SEAT,"Toys, Games & Hobbies"
OTTOMAN,"Home, Kitchen & Bath"
JUICER,Grocery & Food & Beverage
FISHING_LINE,"Toys, Games & Hobbies"
ANIMAL_PERCH,Pet
ELECTRONIC_DEVICE_COOLING_PAD,Electronics & Accessories
BAR_TOOL_SET,"Auto, Tools & Outdoor"
UTILITY_JACK,Other / Unknown
HUMIDITY_METER,Electronics & Accessories
DESK_PAD,Other / Unknown
VASE,"Home, Kitchen & Bath"
COMPOST_BIN,Other / Unknown
SAFETY_MASK_STRAP_EXTENDER,Other / Unknown
CAMERA_LENS_FILTERS,Electronics & Accessories
PET_DOOR,Pet
CARABINER,"Toys, Games & Hobbies"
WHEEL_CUTTER,Other / Unknown
ARM_SLEEVE,Other / Unknown
VIDEO_PROJECTOR,Electronics & Accessories
ROLLER_SKATE,"Toys, Games & Hobbies"
ELECTRICAL_OUTLET,Other / Unknown
TABLE_RUNNER,Other / Unknown
KICK_SCOOTER,"Toys, Games & Hobbies"
GUN_CLEANING_KIT,Other / Unknown
TREE_SKIRT,"Home, Kitchen & Bath"
AMAZON_DEVICE,Electronics & Accessories
ROLLING_PIN,Other / Unknown
INK_OR_TONER,Other / Unknown
BLOWTORCH,Other / Unknown
FACE_SHIELD,Other / Unknown
INDUSTRIAL_CASTERS,Other / Unknown
BOTTLE_STOPPER,Other / Unknown
INCENSE_HOLDER,Other / Unknown
COUNTERTOP_OVEN,"Home, Kitchen & Bath"
FOOD_SERVICE_SUPPLY,Grocery & Food & Beverage
JEWELRY_SET,Apparel & Footwear
LADDER,"Auto, Tools & Outdoor"
SEWING_BUTTON,"Office, Stationery & Crafts"
AMAZON_BOOK_READER_ACCESSORY,Books & Media
CHEMICAL_TEST_STRIP,Other / Unknown
VEHICLE_COVER,"Auto, Tools & Outdoor"
KEYBOARD_INSTRUMENTS,"Toys, Games & Hobbies"
CAMERA_STAGE_LIGHTING_MODIFIER,Electronics & Accessories
VEHICLE_TIRE,"Auto, Tools & Outdoor"
ACCESSORY_OR_PART_OR_SUPPLY,Other / Unknown
BEVERAGE,Grocery & Food & Beverage
MOISTURIZING_SOCK_GLOVE,Other / Unknown
SPLASH_POOL,Other / Unknown
GARLIC_PRESS,Other / Unknown
FURNITURE_EDGE_BUMPER,"Home, Kitchen & Bath"
ABRASIVE_WHEELS,Other / Unknown
NETTING_COVER,Other / Unknown
BABY_RATTLE,Other / Unknown
SUIT,Apparel & Footwear
MONEY_BANK,Other / Unknown
PAPER_SHREDDER,"Office, Stationery & Crafts"
NASAL_ASPIRATOR,Other / Unknown
ELECTRIC_MOTOR,Other / Unknown
TARGET_TOSSING_GAME,"Toys, Games & Hobbies"
BISS,Other / Unknown
CARBURETOR,Other / Unknown
SEWING_TOOL_SET,"Office, Stationery & Crafts"
ENGINE_COMPONENT_CAP,Other / Unknown
KNIFE_BLOCK_SET,"Home, Kitchen & Bath"
PORTABLE_ELECTRONIC_DEVICE_ARMBAND,Electronics & Accessories
SAFETY_MASK_REPLACEMENT_FILTER,Other / Unknown
MICROSCOPES,"Toys, Games & Hobbies"
FOOTREST,Other / Unknown
WATER_PLAY_SPRINKLER,"Auto, Tools & Outdoor"
MP3_PLAYER,Other / Unknown
POWERSPORTS_VEHICLE_PART,"Auto, Tools & Outdoor"
TENT,"Toys, Games & Hobbies"
MAPS,Other / Unknown
BOOK_DOCUMENT_STAND,Books & Media
TIRE_VALVE_STEM_CAP,"Auto, Tools & Outdoor"
MODEM,Electronics & Accessories
3D_PRINTER,Electronics & Accessories
BENCH,"Home, Kitchen & Bath"
AIR_GUN_PROJECTILE,Other / Unknown
PUPPET,Other / Unknown
ELECTRONIC_LEARNING_TOY,Electronics & Accessories
ELASTIC_BAND,Other / Unknown
COUNTERTOP_FOOD_STEAMER,Grocery & Food & Beverage
SINGLE_BOARD_COMPUTER,Electronics & Accessories
COSTUME_EYEWEAR,Apparel & Footwear
LAMINATOR,Other / Unknown
ANIMAL_MUZZLE,Pet
PAW_HOOF_PROTECTOR,Other / Unknown
EYELASH_CURLER,Other / Unknown
NAIL_DRILL,"Health, Beauty & Personal Care"
PLAYARD,"Toys, Games & Hobbies"
PORTABLE_STOVE,Other / Unknown
WHEEL,Other / Unknown
STROLLER,"Toys, Games & Hobbies"
LIGHT_BULB_SOCKET,"Home, Kitchen & Bath"
WEARABLE_WEIGHT,Other / Unknown
TASK_TRAY,Other / Unknown
NAIL_POLISH_BRUSH,"Health, Beauty & Personal Care"
SMALL_HOME_APPLIANCES,Other / Unknown
BASE_LAYER_APPAREL_SET,Other / Unknown
PASTA_MAKER,Grocery & Food & Beverage
SOLDERING_IRON,Electronics & Accessories
CAMERA_FILM,Electronics & Accessories
CRAFT_WRAPPING_TISSUE_PAPER,"Home, Kitchen & Bath"
MECHANICAL_FASTENERS,"Auto, Tools & Outdoor"
WATERING_CAN,Other / Unknown
CABLE_ASSEMBLY,Electronics & Accessories
DUTCH_OVENS,"Home, Kitchen & Bath"
BALANCE_BOARD,Other / Unknown
COCKTAIL_SHAKER,Grocery & Food & Beverage
FOOD_OR_BEVERAGE_WARMER,Grocery & Food & Beverage
DIETARY_SUPPLEMENTS,"Health, Beauty & Personal Care"
TEXTILE_IRON,Other / Unknown
DIE_CUT_MACHINE,"Office, Stationery & Crafts"
FOOD_COLORING,Grocery & Food & Beverage
INSULATION,Other / Unknown
DISPLAY_ENCLOSURE,Other / Unknown
BOXING_GLOVE,"Toys, Games & Hobbies"
NAIL_POWDER,"Health, Beauty & Personal Care"
WASHERS,Other / Unknown
MINIATURE_TOY_FURNISHING,"Toys, Games & Hobbies"
MICROWAVE_OVEN,"Home, Kitchen & Bath"
SPOON_REST,"Home, Kitchen & Bath"
GUITAR_EFFECT_DEVICE,"Toys, Games & Hobbies"
CORSET,Other / Unknown
VEHICLE_BAG,"Auto, Tools & Outdoor"
ABDOMINAL_EXERCISER,"Toys, Games & Hobbies"
ELECTRONIC_DEVICE_DOCKING_STATION,Electronics & Accessories
SURVIVAL_KIT,Other / Unknown
ASHTRAY,Other / Unknown
ROTARY_TOOL,Other / Unknown
AUTO_KEY_SHELL,"Auto, Tools & Outdoor"
EYEGLASS_FRAME,"Health, Beauty & Personal Care"
BABY_CARRIER,"Toys, Games & Hobbies"
TRAMPOLINE,"Toys, Games & Hobbies"
ROTATING_TRAY,Other / Unknown
FURNITURE_CART,"Home, Kitchen & Bath"
TELESCOPE,"Toys, Games & Hobbies"
SPORT_RACKET,"Toys, Games & Hobbies"
TEAPOT,"Home, Kitchen & Bath"
BICYCLE,"Toys, Games & Hobbies"
POWER_SUPPLIES_OR_PROTECTION,Other / Unknown
COMPUTER_COOLING_DEVICE,Electronics & Accessories
COOKING_CONTAINER,Other / Unknown
SOFA,"Home, Kitchen & Bath"
BUNGEE_CORD,Other / Unknown
TEMPORARY_HANGER_HOOK,Other / Unknown
HARDWARE_BEARING,"Auto, Tools & Outdoor"
CUTTING_TOOLS,"Auto, Tools & Outdoor"
PHYSICAL_SOFTWARE,Gift Cards & Digital
SEWING_MACHINE,"Office, Stationery & Crafts"
CURTAIN_SWAG_HOLDER,"Home, Kitchen & Bath"
TILE,Other / Unknown
COOKWARE,"Home, Kitchen & Bath"
FISHING_EQUIPMENT,"Toys, Games & Hobbies"
TEACHING_EQUIPMENT,Grocery & Food & Beverage
ZIPPER_FASTENER,"Auto, Tools & Outdoor"
DIGITAL_PICTURE_FRAME,"Home, Kitchen & Bath"
SKATEBOARD,"Toys, Games & Hobbies"
EXERCISE_BLOCK,"Toys, Games & Hobbies"
JUMP_STARTER,Other / Unknown
FOOTWEAR_CARE_KIT,Apparel & Footwear
BATH_PILLOW,"Home, Kitchen & Bath"
ELECTRONIC_COMPONENT,Electronics & Accessories
MINIATURE_TOY_BUILDING,"Toys, Games & Hobbies"
FIRE_PIT,"Auto, Tools & Outdoor"
BLANK_STORAGE_MEDIA,Other / Unknown
IRON_ON_TRANSFER_DESIGN,Other / Unknown
WEAPON_CASE,Other / Unknown
SEEDS_AND_PLANTS,Other / Unknown
FLAT_SHEET,Other / Unknown
HAMMER_MALLET,"Auto, Tools & Outdoor"
POWER_INVERTER,Electronics & Accessories
JANITORIAL_SUPPLY,Other / Unknown
FURNITURE_LEG,"Home, Kitchen & Bath"
SPORT_MITT,"Toys, Games & Hobbies"
LAWN_MOWER,"Auto, Tools & Outdoor"
GLUCOSE_METER,"Health, Beauty & Personal Care"
HIP_FLASK,Other / Unknown
TREADMILL,"Toys, Games & Hobbies"
FAUCET_WATER_AERATOR,"Home, Kitchen & Bath"
VIDEO_DISC_PLAYER,Other / Unknown
MOP_BUCKET_SET,"Home, Kitchen & Bath"
CULINARY_MUSHROOM,Other / Unknown
DIGITAL_DEVICE_4_ACCESSORY,Electronics & Accessories
KNIFE_BLOCK,"Home, Kitchen & Bath"
BUTTER_DISH,Grocery & Food & Beverage
ALARM,Other / Unknown
TRIVET,Other / Unknown
CLIPBOARD,Other / Unknown
HYDRATION_PACK,Other / Unknown
ENEMA_DOUCHE,Other / Unknown
ART_EASEL,"Office, Stationery & Crafts"
VEHICLE_ACCENT_LIGHT,"Auto, Tools & Outdoor"
AUTO_BATTERY,Electronics & Accessories
TV_TUNER_CARD,Other / Unknown
AV_RECEIVER,Electronics & Accessories
POTPOURRI_SACHET,Other / Unknown
NETWORKING_DEVICE,Electronics & Accessories
DOLL_CLOTHING,"Toys, Games & Hobbies"
SNORKELING_SET,Other / Unknown
PALETTE_PUTTY_KNIFE,"Home, Kitchen & Bath"
FOOD_SMOKER,Grocery & Food & Beverage
MEAT_ALTERNATIVE,Grocery & Food & Beverage
PLAY_WORKSTATION,Other / Unknown
BOOKEND,Books & Media
SANDER,"Auto, Tools & Outdoor"
CHANGING_PAD_COVER,Other / Unknown
WREATH,Other / Unknown
BEAN_BAG_CHAIR,"Home, Kitchen & Bath"
SPORT_TARGET,"Toys, Games & Hobbies"
HOT_GLUE_GUN,"Office, Stationery & Crafts"
LEG_SLEEVE,Other / Unknown
POOL_COVER,Other / Unknown
ICE_MAKER,"Home, Kitchen & Bath"
BOLTS,Other / Unknown
LIGHT_BOX,Other / Unknown
SAFETY_SUPPLY,Other / Unknown
SUSPENSION_LIFT_SUPPORT,Other / Unknown
FASHIONOTHER,Other / Unknown
BED_RAIL,"Home, Kitchen & Bath"
PRESSURE_WASHER,"Auto, Tools & Outdoor"
ANIMAL_STAIR,Pet
SKEWER,Other / Unknown
HAIR_TRIMMING_KIT,"Health, Beauty & Personal Care"
BATH_SAFETY_SEATING,"Home, Kitchen & Bath"
TREE_TOPPER,Other / Unknown
PRECISION_MEASURING,Other / Unknown
AUDIO_MIDI_INTERFACE,Electronics & Accessories
FITNESS_BENCH,"Toys, Games & Hobbies"
BLEACH,Other / Unknown
EXERCISE_STRAP,"Toys, Games & Hobbies"
BICYCLE_PEDAL,"Toys, Games & Hobbies"
STREAMING_MUSIC_SUBSCRIPTION,Gift Cards & Digital
COUNTERTOP_BURNER,Other / Unknown
CHANGING_PAD,Other / Unknown
GPS_OR_NAVIGATION_SYSTEM,Electronics & Accessories
LEAF_BLOWER,"Auto, Tools & Outdoor"
PILLOW_PROTECTOR,"Home, Kitchen & Bath"
SHEET_PAPER,Other / Unknown
REUSABLE_INCONTINENCE_SURFACE_PROTECTOR,"Health, Beauty & Personal Care"
BUCKLE,Other / Unknown
PULL_UP_BAR,Other / Unknown
SURVEILANCE_SYSTEMS,Other / Unknown
POOL_VACUUM,"Home, Kitchen & Bath"
CORE_PIT_REMOVER,Other / Unknown
WALKER,Other / Unknown
CRIMPING_PLIERS,"Auto, Tools & Outdoor"
BLOWER_INFLATED_DECORATION,"Home, Kitchen & Bath"
MATERIAL_HANDLING_TRUCK,Other / Unknown
CRAFT_HOOP_FRAME,"Office, Stationery & Crafts"
PUNCHING_BAG,"Toys, Games & Hobbies"
KETTLEBELL,"Home, Kitchen & Bath"
TOW_HITCH,Other / Unknown
WEATHER_STATION,Electronics & Accessories
ELECTRICITY_GENERATOR,"Auto, Tools & Outdoor"
LIGHTED_OUTDOOR_DISPLAY,"Home, Kitchen & Bath"
MORTAR_AND_PESTLE_SET,Other / Unknown
FOOD_DEHYDRATOR,Grocery & Food & Beverage
SECURITY_ELECTRONICS,Electronics & Accessories
FOOD_MASHER,Grocery & Food & Beverage
TECHNICAL_SPORT_SHOE,Apparel & Footwear
FIDGET_TOY_SPINNER,"Toys, Games & Hobbies"
INPUT_OUTPUT_CARD,Electronics & Accessories
SEXUAL_WELLNESS,Other / Unknown
VEHICLE_WRAP,"Auto, Tools & Outdoor"
HOUSEHOLD_STAIN,Other / Unknown
WIRE_STRIPPER,Other / Unknown
DECORATIVE_POM_POM,Other / Unknown
LAMPSHADE,"Home, Kitchen & Bath"
RELAY,Other / Unknown
SPORT_TABLE_GAME,"Toys, Games & Hobbies"
DECORATIVE_CUTOUT,Other / Unknown
ANIMAL_MEDICATION,Pet
CONTROLLER,Electronics & Accessories
CAPO,Other / Unknown
DISH_DRYING_MAT,"Home, Kitchen & Bath"
LEVEL,Other / Unknown
PASTRY_BASTING_BRUSH,Grocery & Food & Beverage
SPORT_BAT,"Toys, Games & Hobbies"
SHOE_TREE,Apparel & Footwear
GARMENT_PROTECTOR_COVER,Other / Unknown
HEAT_SINK,Other / Unknown
MASSAGE_STICK,"Health, Beauty & Personal Care"
STOVETOP_KETTLE,"Home, Kitchen & Bath"
CAPACITOR,Electronics & Accessories
CYCLING_TIRE,"Toys, Games & Hobbies"
ADHESIVES_AND_SEALANTS,"Auto, Tools & Outdoor"
LIGHT_SOURCE,Other / Unknown
HANDRAIL,Other / Unknown
PERSONAL_FLOTATION_DEVICE,Other / Unknown
FLAME_WICK,Other / Unknown
BOTTLE_RACK,Other / Unknown
SPINNING_TOY_TOP,"Toys, Games & Hobbies"
DEEP_FRYER,"Home, Kitchen & Bath"
GARDEN_TOOL_SET,"Auto, Tools & Outdoor"
SHADE_SAIL,Other / Unknown
VEHICLE_WIND_DEFLECTOR,"Auto, Tools & Outdoor"
VEHICLE_SAFETY_CAMERA,Electronics & Accessories
IRONING_BOARD,"Home, Kitchen & Bath"
CAR_ELECTRONICS,Electronics & Accessories
WATER_DISPENSER,Other / Unknown
WASHER,Other / Unknown
VOICE_RECORDER,Other / Unknown
WINDING_REEL,Other / Unknown
LUGGAGE,Apparel & Footwear
ICE_CREAM_MAKER,Grocery & Food & Beverage
SWIM_CAP,Other / Unknown
FITNESS_HOOP,"Toys, Games & Hobbies"
FREESTANDING_SHELTER,Other / Unknown
O_RINGS,Other / Unknown
WEIGHT_PLATE,"Toys, Games & Hobbies"
ELECTRICAL_HOUSING,Other / Unknown
SINK,Other / Unknown
PORTABLE_FREESTANDING_SHELTER,"Toys, Games & Hobbies"
GRIDDLE_PLATE,"Home, Kitchen & Bath"
MISC_OTHER,Other / Unknown
BARBECUE_TOOL_SET,"Auto, Tools & Outdoor"
IGNITION_COIL,Other / Unknown
TOGGLE_SWITCH,Other / Unknown
ROASTING_PAN,Other / Unknown
FUEL_PUMP,Other / Unknown
TOILET,Other / Unknown
AIR_COOLER,Other / Unknown
VIDEO_DVD,Books & Media
TOY_MODEL_VEHICLE_TRACK,"Toys, Games & Hobbies"
COIN_PURSE_POUCH,Apparel & Footwear
OFFICE_ELECTRONICS,Electronics & Accessories
SOUND_CARD,Other / Unknown
BABY_JUMPER_WALKER,Other / Unknown
VIDEO_GAME_PERIPHERAL_SET,"Toys, Games & Hobbies"
MATERIAL_HANDLING,Other / Unknown
CAMERA,Electronics & Accessories
PROJECTION_SCREEN,Other / Unknown
UNINTERRUPTIBLE_POWER_SUPPLY,Electronics & Accessories
GOLF_CLUB,"Toys, Games & Hobbies"
HARDWARE_PIN,"Auto, Tools & Outdoor"
METAL_DETECTOR,"Toys, Games & Hobbies"
FISHING_NET,"Toys, Games & Hobbies"
MANUAL_FOOD_MILL_GRINDER,Grocery & Food & Beverage
HEADBOARD,"Home, Kitchen & Bath"
SHOCK_ABSORBER,Other / Unknown
ADULT_COSTUME,Apparel & Footwear
FUEL_FILTER,Other / Unknown
FURNITURE_SLIDER,"Home, Kitchen & Bath"
FISHING_REEL,"Toys, Games & Hobbies"
EPILATOR,Other / Unknown
FACIAL_TISSUE_HOLDER,"Home, Kitchen & Bath"
AIR_GUN,Other / Unknown
DIMENSIONAL_MEASUREMENT_CALIPER,Other / Unknown
TRACTION_CLEAT,Other / Unknown
FRESH_CUT_FLOWERS_PLANTS,Other / Unknown
GUILD_ACCESSORIES,Other / Unknown
BASKETBALL_HOOP,"Toys, Games & Hobbies"
TERMINAL_BLOCK,Other / Unknown
SPORT_NET,"Toys, Games & Hobbies"
BICYCLE_BELL,"Toys, Games & Hobbies"
CARGO_NET,Other / Unknown
CIGARETTE_CASE,Other / Unknown
GUILD_BEAUTY_GROOMING,"Health, Beauty & Personal Care"
RAMP,Other / Unknown
WEIGHTLIFTING_BELT,Other / Unknown
SOLAR_PANEL,"Auto, Tools & Outdoor"
SOUS_VIDE_MACHINE,Other / Unknown
CLIMBING_PLANT_SUPPORT_STRUCTURE,"Toys, Games & Hobbies"
SWIM_FIN,Other / Unknown
AUDIO_MIDI_CONTROLLER,Electronics & Accessories
BOOK_COVER,Books & Media
WEIGHT_RACK,Other / Unknown
SHIN_GUARD,Other / Unknown
PUSH_PULL_TOY,"Toys, Games & Hobbies"
CALISTHENICS_STAND,Other / Unknown
TOFU,Grocery & Food & Beverage
PRESSER_FOOT,Other / Unknown
HOUSEHOLD_VARNISH,Other / Unknown
CONSUMER_SERVICES_SUBSCRIPTION,Gift Cards & Digital
BATHROOM_CONTAINER_SET,Other / Unknown
DRIED_PLANT,Other / Unknown
CONFETTI,"Toys, Games & Hobbies"
BRAKE_KIT,"Auto, Tools & Outdoor"
MARBLE_TRACK,Other / Unknown
SCANNER,Other / Unknown
SEWING_MACHINE_NEEDLE,"Office, Stationery & Crafts"
FENCE_PANEL,Other / Unknown
RAKE,"Auto, Tools & Outdoor"
EXERCISE_MACHINE,"Toys, Games & Hobbies"
SYSTEM_CABINET,"Home, Kitchen & Bath"
ART,Other / Unknown
ELECTRONIC_SIGNAL_CONVERTER,Electronics & Accessories
MOTION_DETECTOR_DEVICE,Other / Unknown
IMPACT_PROTECTION_GEAR,Other / Unknown
BATHTUB_SHOWER_TRIM_KIT,"Home, Kitchen & Bath"
ROLLER_CHAIN,Other / Unknown
ELECTROSHOCK_WEAPON,Other / Unknown
AXE,"Auto, Tools & Outdoor"
AUDIO_OR_VIDEO,Other / Unknown
SPIRITS,Other / Unknown
SWORD,Other / Unknown
SPEAKER_AMPLIFIER_STAND,Electronics & Accessories
HANDLEBAR_GRIP,Other / Unknown
MEDIA_STORAGE,Other / Unknown
SNAP_FASTENER,"Auto, Tools & Outdoor"
COLLECTIBLE_COINS,"Toys, Games & Hobbies"
HOME_ORGANIZERS_AND_STORAGE,Other / Unknown
ABRASIVE_BRUSH,Other / Unknown
ELECTRONIC_COMPONENT_AMPLIFIER,Electronics & Accessories
FASHIONNECKLACEBRACELETANKLET,Apparel & Footwear
CHISEL,Other / Unknown
INTEGRATED_STEREO_SYSTEM,Electronics & Accessories
SPORT_FACE_MASK,"Toys, Games & Hobbies"
BAKEWARE_SET,"Home, Kitchen & Bath"
BRAKE_ROTOR,"Auto, Tools & Outdoor"
SERVEWARE,Other / Unknown
MAILBOX,Other / Unknown
HEAT_PRESS,"Office, Stationery & Crafts"
AV_FURNITURE,"Home, Kitchen & Bath"
OLIVE,Grocery & Food & Beverage
MUSICAL_INSTRUMENT_AMPLIFIER,Electronics & Accessories
HUBCAP_WHEEL_COVER,Other / Unknown
NAPKIN_HOLDER,"Home, Kitchen & Bath"
NON_DAIRY_YOGURT,Grocery & Food & Beverage
SPORT_GOAL,"Toys, Games & Hobbies"
FACIAL_STEAMER,Grocery & Food & Beverage
MUFFLER,Other / Unknown
EXERCISE_STEP_PLATFORM,"Toys, Games & Hobbies"
CLOTH_NAPKIN,"Home, Kitchen & Bath"
DARTBOARD,Other / Unknown
LIQUID_FUEL_CONTAINER,Other / Unknown
FIREPLACE,Other / Unknown
PHYSICAL_GIFT_CARD,Gift Cards & Digital
VEHICLE_EMBLEM,"Auto, Tools & Outdoor"
VIDEO_GAME_HARDWARE,"Toys, Games & Hobbies"
PROJECTILE_BOW,Other / Unknown
YO_YO,Other / Unknown
NON_DAIRY_ICE_CREAM,Grocery & Food & Beverage
ROWING_MACHINE,"Toys, Games & Hobbies"
BED_CURTAIN,"Home, Kitchen & Bath"
CHAINSAW,"Auto, Tools & Outdoor"
BAKING_STONE,Other / Unknown
OTC_MEDICATION,"Health, Beauty & Personal Care"
CARRYING_CASE_OR_BAG,Other / Unknown
FISHING_ROD_REEL_COMBO,"Toys, Games & Hobbies"
LOOSE_CUT_GEM,Other / Unknown
ENGINE_WATER_PUMP,Other / Unknown
DRAWER_SLIDE,Other / Unknown
DOOR_CLOSER,"Home, Kitchen & Bath"
HEAT_TRANSFER_MATERIAL,Other / Unknown
GUN_SLING,Other / Unknown
BREAD_MAKING_MACHINE,Grocery & Food & Beverage
KITE,"Toys, Games & Hobbies"
WIND_SPINNER,Other / Unknown
DIGITAL_DEVICE_12_ACCESSORY,Electronics & Accessories
DRIP_IRRIGATION_KIT,Other / Unknown
MOTOR_ENGINE_FUEL_TANK,Other / Unknown
KARAOKE_MACHINE,Other / Unknown
INSTALLATION_SERVICES,Other / Unknown
COMPUTER_INPUT_DEVICE_ACCESSORY,Electronics & Accessories
CRIB,Other / Unknown
BICYCLE_CARGO_RACK,"Toys, Games & Hobbies"
CIRCUIT_BREAKER,Other / Unknown
BATHTUB,Other / Unknown
CHAINSAW_CHAIN,"Auto, Tools & Outdoor"
TRANSFORMER,Electronics & Accessories
CAR_ALARM,Other / Unknown
RANGEFINDER,Other / Unknown
MEDICAL_SCRUB_SET,"Health, Beauty & Personal Care"
BAR_CODE_READER,Other / Unknown
BASSINET,Other / Unknown
VEHICLE_BUMPER,"Auto, Tools & Outdoor"
PORTABLE_AUDIO,Other / Unknown
DIVE_MASK,Other / Unknown
BODY_CARE_PRODUCT,Other / Unknown
GREENHOUSE,"Auto, Tools & Outdoor"
FISHING_WEIGHT,"Toys, Games & Hobbies"
SAFETY_HARNESS,Other / Unknown
EDUCATIONAL_SUPPLIES,Other / Unknown
SLED,Other / Unknown
GLOBE,Other / Unknown
RECIPROCATING_HEDGE_TRIMMER,"Auto, Tools & Outdoor"
SPORT_WETSUIT,Apparel & Footwear
TRASH_COMPACTOR,Other / Unknown
SWIMMING_POOL,"Toys, Games & Hobbies"
POWER_TOOL_SET,"Auto, Tools & Outdoor"
TIRE_COVER,"Auto, Tools & Outdoor"
MOTOR_STARTER,Other / Unknown
NAVIGATION_COMPASS,Other / Unknown
STETHOSCOPE,"Health, Beauty & Personal Care"
ABIS_VIDEO_GAMES,"Toys, Games & Hobbies"
DUVET_COVER,Other / Unknown
VEHICLE_CONTROL_ARM,"Auto, Tools & Outdoor"
ABIS_DRUGSTORE,"Health, Beauty & Personal Care"
PET_SEAT,Pet
SOLDERING_STATION,Other / Unknown
Health and Beauty,"Health, Beauty & Personal Care"
EYEWEAR,Other / Unknown
SODA_MAKER,Grocery & Food & Beverage
KAYAK,"Toys, Games & Hobbies"
SNOW_GLOBE,Other / Unknown
BABY_BATHTUB,Other / Unknown
URN,Other / Unknown
NICOTINE_REPLACEMENT,Other / Unknown
ROOM_DIVIDER,Other / Unknown
MANNEQUIN_CLOTHING_FORM,Other / Unknown
BLANK_MEDIA,Other / Unknown
PINATA,"Toys, Games & Hobbies"
ELLIPTICAL_TRAINER,Other / Unknown
BICYCLE_BASKET,"Toys, Games & Hobbies"
SKIN_CARE_PRODUCT,"Health, Beauty & Personal Care"
SHARPS_DISPOSAL_CONTAINER,"Health, Beauty & Personal Care"
DISHWASHER,"Home, Kitchen & Bath"
FITNESS_STEPPER,"Toys, Games & Hobbies"
TONNEAU_COVER,Other / Unknown
HANGING_MOBILE,Other / Unknown
DRYER,Other / Unknown
BICYCLE_BRAKE_PAD,"Toys, Games & Hobbies"
VEHICLE_BODY_PANEL,"Auto, Tools & Outdoor"
VEHICLE_HORN,"Auto, Tools & Outdoor"
MESS_KIT,Other / Unknown
SNOW_BLOWER,Other / Unknown
ENGINE_EXHAUST_PIPE,Other / Unknown
SMOKING_PIPE,Other / Unknown
TOOL_CHUCK,Other / Unknown
HELMET,Other / Unknown
SOIL_TILLER_CULTIVATOR,Other / Unknown
DIGITAL_DEVICE_21_ACCESSORY,Electronics & Accessories
VEHICLE_CARGO_CARRIER,"Auto, Tools & Outdoor"
CAMERA_ENCLOSURE,Electronics & Accessories
TOOL_BELT,Other / Unknown
HOPPING_TOY,"Toys, Games & Hobbies"
DISC_GRINDER_TOOL,Other / Unknown
END_MILLS,Other / Unknown
WATER_HEATER,"Home, Kitchen & Bath"
HANDLE_GRIP,Other / Unknown
SLEEPING_MAT,Other / Unknown
HAIR_CARE_PRODUCT,"Health, Beauty & Personal Care"
HANDLEBAR,Other / Unknown
PLAY_SLIDE,Other / Unknown
SCREW_GUN,"Auto, Tools & Outdoor"
WEBCAM,Electronics & Accessories
GOLF_CLUB_BAG,"Toys, Games & Hobbies"
BOOK,Books & Media
PORTABLE_VIDEO_DISC_PLAYER,Electronics & Accessories
HEARING_AMPLIFIER,Electronics & Accessories
GOLF_PRACTICE_MAT,"Toys, Games & Hobbies"
GUILD_APPAREL,Other / Unknown
SHOE_BAG,Apparel & Footwear
CUTLERY,"Home, Kitchen & Bath"
CISTERN,Other / Unknown
TOY_STROLLER,"Toys, Games & Hobbies"
VEHICLE_LIGHTING_CONVERSION_KIT,"Home, Kitchen & Bath"
NON_DAIRY_CHEESE,Grocery & Food & Beverage
PICNIC_HOLDER,Other / Unknown
CUFF_LINK,Other / Unknown
AUDIO_MIXING_CONSOLE,Electronics & Accessories
SANDBOX,Other / Unknown
GOLF_CLUB_COVER,"Toys, Games & Hobbies"
VEHICLE_MOLDING,"Auto, Tools & Outdoor"
GROMMETS,Other / Unknown
INDOOR_GROW_ENCLOSURE,"Home, Kitchen & Bath"
GRAVITY_BEVERAGE_DISPENSER,Grocery & Food & Beverage
WHEELCHAIR,"Health, Beauty & Personal Care"
SURVEILLANCE_RECORDER_SYSTEM,Other / Unknown
SNOWSUIT,Apparel & Footwear
NAIL_DRYER,"Health, Beauty & Personal Care"
CAMPING_EQUIPMENT,"Toys, Games & Hobbies"
BICYCLE_SEATPOST,"Toys, Games & Hobbies"
DIGITAL_DEVICE_7,Electronics & Accessories
STRENGTH_TRAINING_MACHINE,Other / Unknown
VENT_HOOD,Other / Unknown
BOOKS_1973_AND_LATER,Books & Media
HARDWARE_PLANER,"Auto, Tools & Outdoor"
GARDEN_EDGING,"Auto, Tools & Outdoor"
TUNER,Other / Unknown
WORKBENCH,"Auto, Tools & Outdoor"
POWER_SUPPLY,Electronics & Accessories
ABIS_LAWN_AND_GARDEN,"Auto, Tools & Outdoor"
BICYCLE_TRAINER,"Toys, Games & Hobbies"
ROUTER_BIT,Electronics & Accessories
AUDIO_CD_PLAYER,Books & Media
DINNERWARE,Other / Unknown
OUTBUILDING,Other / Unknown
BED_SLATS,"Home, Kitchen & Bath"
FASHIONRING,Other / Unknown
CYCLING_COMPUTER,Electronics & Accessories
CAMERA_FLASH,Electronics & Accessories
COOKTOP,"Home, Kitchen & Bath"
BLOOD_LANCET,Other / Unknown
VEHICLE_EXTERIOR_GUARD,"Auto, Tools & Outdoor"
PHONE,Other / Unknown
AUTOMOTIVE_HELMET,"Auto, Tools & Outdoor"
FISHING_ROD,"Toys, Games & Hobbies"
SEWING_PATTERN,"Office, Stationery & Crafts"
FIRE_SCREEN,Other / Unknown
BED,Other / Unknown
PLAYHOUSE,"Toys, Games & Hobbies"
LOCATION_TRACKER,Other / Unknown
HOOKAH,Other / Unknown
MOUNTED_STORAGE_SYSTEM_KIT,Other / Unknown
MICROCURRENT_FACIAL_MACHINE,Other / Unknown
BICYCLE_TRAILER,"Toys, Games & Hobbies"
BAKEWARE,"Home, Kitchen & Bath"
VEHICLE_SEAT,"Auto, Tools & Outdoor"
PREPARED_DOUGH,Other / Unknown
AWNING,Other / Unknown
RANGE,Other / Unknown
EYEGLASS_REPAIR_KIT,"Health, Beauty & Personal Care"
MAKEUP_VANITY,"Health, Beauty & Personal Care"
SEAFOOD,Grocery & Food & Beverage
VEHICLE_GRILLE,"Auto, Tools & Outdoor"
SELF_BALANCING_ELECTRIC_VEHICLE,Other / Unknown
ABIS_KITCHEN,"Home, Kitchen & Bath"
BEARINGS_AND_BUSHINGS,Other / Unknown
STORE_FIXTURES_AND_EQUIPMENT,Other / Unknown
STROLLER_PROTECTION_SHIELD,"Toys, Games & Hobbies"
ELECTRONIC_DEVICE_FACEPLATE,Electronics & Accessories
MOTORCYCLE_ACCESSORY,"Auto, Tools & Outdoor"
GUILD_TOYS_AND_GAMES,"Toys, Games & Hobbies"
LAUNDRY_APPLIANCE,Other / Unknown
PADDLEBOARD,"Toys, Games & Hobbies"
PLASTIC_TUBING,Other / Unknown
PA_SYSTEM,Other / Unknown
TRAILER_HITCH_COVER,"Auto, Tools & Outdoor"
GUN_SUPPORT,Other / Unknown
BAG,Apparel & Footwear
FISHING_ROD_HOLDER,"Toys, Games & Hobbies"
SONAR_FATHOMETER,Other / Unknown
GUN_GRIP,Other / Unknown
LIGHTER_FLUID,Other / Unknown
INFLATABLE_BOUNCER,Other / Unknown
OUTBOARD_MOTOR,Other / Unknown
EDIBLE_OIL_ANIMAL,Other / Unknown
ELECTRICAL_DISTRIBUTION_BOARD,Other / Unknown
DAIRY_BASED_PUDDING,Grocery & Food & Beverage
TRADING_CARDS_FACTORY_SEALED,Other / Unknown
RADAR_DETECTOR,Other / Unknown
WHISTLE,Other / Unknown
ENTERTAINMENT_MEMORABILIA,Other / Unknown
RICE_WINE,Grocery & Food & Beverage
VEHICLE_RAIL,"Auto, Tools & Outdoor"
Misc.,Other / Unknown
FINENECKLACEBRACELETANKLET,Apparel & Footwear
COOLING_RACK,Other / Unknown
POLISHING_BUFFING_TOOL,Other / Unknown
INDUSTRIAL_HOSE,Other / Unknown
VEHICLE_LIFT_KIT,"Auto, Tools & Outdoor"
HARDWARE_NAIL,"Auto, Tools & Outdoor"
SOFTWARE_GAMES,Gift Cards & Digital
SECURITY_SYSTEM,Other / Unknown
CHILDRENS_COSTUME,Apparel & Footwear
CAR_AUDIO_OR_THEATER,"Home, Kitchen & Bath"
ROUTER_POWER_TOOL,Electronics & Accessories
ABIS_HOME,"Home, Kitchen & Bath"
APPLIANCE_ACCESSORY,Other / Unknown
REFRIGERATION_APPLIANCE,Other / Unknown
ELECTRONIC_CONTROLLER,Electronics & Accessories
ABIS_SPORTS,"Toys, Games & Hobbies"
CLEANING_PRODUCT,Other / Unknown
PROTECTED_COLLECTION,Other / Unknown
CONSUMABLES_EMAIL_GIFT_CARD,Gift Cards & Digital
DIGITAL_VIDEO_RECORDER,Electronics & Accessories
ABIS_HOME_IMPROVEMENT,"Home, Kitchen & Bath"
CYCLING_WHEEL,"Toys, Games & Hobbies"
GPS_OR_NAVIGATION_ACCESSORY,Electronics & Accessories
PERCUSSION_INSTRUMENTS,"Toys, Games & Hobbies"
DOWNLOADABLE_TV_SEASON,Gift Cards & Digital
KEYBOARD_TRAY,Other / Unknown
FLOOR_COVER,Other / Unknown
SPORT_BOARD_SKI,"Toys, Games & Hobbies"
SALAD_SPINNER,"Home, Kitchen & Bath"
SPORTS_MEMORABILIA,Other / Unknown
CORRECTION_MATERIAL,Other / Unknown
IMMERSION_HEATER,"Home, Kitchen & Bath"
FINERING,Other / Unknown
FASHIONEARRING,Apparel & Footwear
SPORTS_DRINK,Grocery & Food & Beverage
ABIS_WIRELESS,Electronics & Accessories
COSTUME_FACIAL_HAIR,Apparel & Footwear
CYCLING_EQUIPMENT,"Toys, Games & Hobbies"
STAMPS,Other / Unknown
BATTERY_CHARGER_OR_TESTER,Electronics & Accessories
RECEIVER_OR_AMPLIFIER,Electronics & Accessories
ELECTRONIC_CIGARETTE_LIQUID,Electronics & Accessories
CARD_SHUFFLER,Other / Unknown
TOW_SPORTS_LINE,Other / Unknown
DAILY_LIVING_AIDS,Other / Unknown
TOPICALS,Other / Unknown
SNOW_CHAIN,Other / Unknown
POWERSPORT_VEHICLE_FOOTREST,"Toys, Games & Hobbies"
GUILD_PET_SUPPLIES,Pet
CARPETING,Other / Unknown
FUEL_LAMP,"Home, Kitchen & Bath"
HAND_FAN,Other / Unknown
STEERING_WHEEL,Other / Unknown
ARTIFICIAL_SNOW,Other / Unknown
CRAFT_EYE,"Office, Stationery & Crafts"
NAPKIN_RING,"Home, Kitchen & Bath"
ELECTRONIC_BOOK_READER,Books & Media
LETTER_OPENER,Other / Unknown
FLASK,Other / Unknown
TIRES,"Auto, Tools & Outdoor"
BICYCLE_DERAILLEUR,"Toys, Games & Hobbies"
TRADING_CARDS_MISC_TRADING_CARDS,Other / Unknown
SNOWSHOE,Apparel & Footwear
PHOTOGRAPHIC_STUDIO_ITEMS,Other / Unknown
GREASE_GUN,Other / Unknown
PORTABLE_ELECTRONICS,Electronics & Accessories
GARBAGE_DISPOSAL_UNIT,Other / Unknown
KURTA,Other / Unknown
SALWAR_SUIT_SET,Apparel & Footwear
ABIS_ELECTRONICS,Electronics & Accessories
WIRELESS_DEVICE,Electronics & Accessories
MUSIC_POPULAR,Other / Unknown
SHOE_POLISH,Apparel & Footwear
BED_LINEN,"Home, Kitchen & Bath"
ALCOHOLIC_BEVERAGE,Grocery & Food & Beverage
SHAVING_BRUSH,"Health, Beauty & Personal Care"
ABIS_EBOOKS,Gift Cards & Digital
HUMIDOR,Other / Unknown
MOTORCYCLE_PART,"Auto, Tools & Outdoor"
GOURMET_FOOD,Grocery & Food & Beverage
GIFT_XXRD,Other / Unknown
FLEXIBLE_MAGNET,Other / Unknown
CAMERA_LENS_ACCESSORY,Electronics & Accessories
BOX_SPRING,Other / Unknown
WINDOW_INSULATION_KIT,Other / Unknown
MODEL,Other / Unknown
DART_FLIGHT,Other / Unknown
FREEZER,"Home, Kitchen & Bath"
FINEEARRING,Apparel & Footwear
NON_DAIRY_PUDDING,Grocery & Food & Beverage
BIRDBATH,"Auto, Tools & Outdoor"
MEMORY_READER,Other / Unknown
ABIS_TOY,"Toys, Games & Hobbies"
THREADED_RODS_AND_STUDS,Other / Unknown
ABIS_PC,Electronics & Accessories
RAM_MEMORY,Other / Unknown
HAIR_REMOVAL_AND_SHAVING_PRODUCT,"Health, Beauty & Personal Care"
INTERCONNECT,Other / Unknown
KIMONO,Other / Unknown
PIPET,Other / Unknown
HOT_TUB,Other / Unknown
POWERSPORTS_PROTECTIVE_GEAR,Other / Unknown
BULLION,Other / Unknown
PREPARED_AND_PRESERVED_FOOD,Grocery & Food & Beverage
SAREE,Other / Unknown
3D_PRINTING_PEN,Other / Unknown
COOKING_OVEN,"Home, Kitchen & Bath"
COMPRESSION_SPRINGS,Other / Unknown
CLEANING_WIPE_DISPENSER,Other / Unknown
COMPUTER_SPEAKER,Electronics & Accessories
KINDLE_UNLIMITED_MEMBERSHIP,Electronics & Accessories
DVD_PLAYER_OR_RECORDER,Books & Media
LINEAR_GUIDES_AND_RAILS,Other / Unknown
TEMPEH,Other / Unknown
HOT_MELT,Other / Unknown
SHOWER_ENCLOSURE,"Home, Kitchen & Bath"
SPORT_BINDING,"Toys, Games & Hobbies"
VEHICLE_SPOILER,"Auto, Tools & Outdoor"
STREAMING_VIDEO_SUBSCRIPTION,Gift Cards & Digital
TRADING_CARDS_CARDS_SETS,Other / Unknown
PORTABLE_AV_DEVICE,Other / Unknown
DIGITAL_DEVICE_19_ACCESSORY,Electronics & Accessories
MULTIFUNCTION_DEVICE,Electronics & Accessories
PHOTOGRAPHIC_LIGHTING,"Home, Kitchen & Bath"
BALL_LAUNCHER,Other / Unknown
COLLECTIBLES,"Toys, Games & Hobbies"
MACHINE_THREADING_TOOL,Other / Unknown
TOW_HITCH_LOCK,Other / Unknown
CAMERA_BAGS_AND_CASES,Electronics & Accessories
SATELLITE_RECEIVER,Other / Unknown
PRINTED_PRODUCT,Other / Unknown
UNION_SUIT,Apparel & Footwear
HEATING_STOVE,Other / Unknown
METALS,Other / Unknown
COCKTAIL_MIX,Grocery & Food & Beverage
SASH,Other / Unknown
INDUSTRIAL_WHEELS,Other / Unknown
CAMERA_PRIVACY_COVER,Electronics & Accessories
CIGAR_CUTTER,Other / Unknown
PHOTOGRAPHIC_PAPER,Other / Unknown
NETWORK_ACCESSORY,Other / Unknown
DONUT,Other / Unknown
DOWNLOADABLE_SOFTWARE,Gift Cards & Digital
BELTS,Other / Unknown
ABIS_VIDEO,Books & Media
ABIS_BEAUTY,"Health, Beauty & Personal Care"
CUTICLE_PUSHER,Other / Unknown
TOWEL_WARMER,"Home, Kitchen & Bath"
SOFTWARE,Gift Cards & Digital
PET_FUR_DEODORIZER,Pet
Sports,Other / Unknown
SNOWBOARD_BOOT,Apparel & Footwear
FOOTWEAR,Apparel & Footwear
VIDEO_VHS,Other / Unknown
INCUBATOR,Other / Unknown
RESISTOR,Electronics & Accessories
SEALS,Other / Unknown
GAME_CALL,"Toys, Games & Hobbies"
VEHICLE_WINDOW,"Auto, Tools & Outdoor"
POWERSPORTS_RIDING_APPAREL,Other / Unknown
SNOWBOARD_BINDING,"Toys, Games & Hobbies"
TRANSISTOR,Electronics & Accessories
PRINTS_AND_POSTERS,"Home, Kitchen & Bath"
ACCELERATION_SENSOR,Other / Unknown
PC_BOARD_RELAY,Other / Unknown
GUILD_BABY,Other / Unknown
VIBRATION_SENSOR,Other / Unknown
WIRELESS_LOCKED_PHONE,Electronics & Accessories
POWERSPORTS_RIDING_HELMET,Other / Unknown
HARDWARE_SPACER,"Auto, Tools & Outdoor"
RIVET,Other / Unknown
PUNCH_TOOL,Other / Unknown
Toy,"Toys, Games & Hobbies"
CHOLI,Other / Unknown
VIDEO_DEVICE,Other / Unknown
PHOTOGRAPHIC_LIGHT_METER,Other / Unknown
MISC_WORLD_INSTRUMENTS,Other / Unknown
CE_CARRYING_CASE_OR_BAG,Other / Unknown
ELECTRONIC_KNOB,Electronics & Accessories
Kitchen,"Home, Kitchen & Bath"
FLOWERS,Other / Unknown
SKILL_APPLICATION,Other / Unknown
SPROCKETS,Other / Unknown
ABIS_PET_PRODUCTS,Pet
THREADSEALING_ADHESIVES,Other / Unknown
Tools & Home Improvement,"Auto, Tools & Outdoor"
SEWING_MACHINE_BOBBIN,"Office, Stationery & Crafts"
DIP_SWITCH,Other / Unknown
ELECTRONIC_GIFT_XXRD,Electronics & Accessories
HEALTH_FOOD,Grocery & Food & Beverage
HOME_PARTS,Other / Unknown
LITTER_BOX_ENCLOSURE,Other / Unknown
MOBILE_APPLICATION,Other / Unknown
DOWNLOADABLE_TV_SERIES,Gift Cards & Digital
HOME_THEATER_SYSTEM_OR_HTIB,"Home, Kitchen & Bath"
PILL_CUTTER,Other / Unknown
WIRELESS_SERVICE_PLAN,Electronics & Accessories
MEDICAL_DEVICE,"Health, Beauty & Personal Care"
PULLEYS,Other / Unknown
CLIMBING_HOLD,"Toys, Games & Hobbies"
MUSIC_POPULAR_VINYL,Other / Unknown
IRRIGATION_EQUIPMENT,Other / Unknown
PRODUCT,Other / Unknown
COSTUME,Apparel & Footwear
PIE,Other / Unknown
TEACHING_AND_SCHOOL_SUPPLIES,Grocery & Food & Beverage
OPTOELECTRONIC_COMPONENT,Electronics & Accessories
FOOD_MILL_GRINDER,Grocery & Food & Beverage
GUN_RACK,Other / Unknown
DIGITAL_DEVICE_ACCESSORY,Electronics & Accessories
FUDGE,Other / Unknown
VEHICLE_HEAT_SHIELD,"Auto, Tools & Outdoor"
SPORT_POM_POM,"Toys, Games & Hobbies"
THREADING_DIES,Other / Unknown
POWERSPORTS_RIDING_JACKET,Apparel & Footwear
FRAGRANCE,"Health, Beauty & Personal Care"
AUDIO_POWER_AMPLIFIER,Electronics & Accessories
DIGITAL_DEVICE_11_ACCESSORY,Electronics & Accessories
DENT_REMOVAL_TOOL,Other / Unknown
MATERIAL_CERTIFICATION,Other / Unknown
LAB_UTENSIL,Other / Unknown
PENCIL_LEAD_REFILL,"Office, Stationery & Crafts"
DOWNLOADABLE_AUDIO,Gift Cards & Digital
POWERSPORTS_VEHICLE,Other / Unknown
WINDSHIELD_SNOW_COVER,"Auto, Tools & Outdoor"
EXTRACT,Other / Unknown
AUTO_CHEMICAL,"Auto, Tools & Outdoor"
PROTOTYPING_BOARD,Other / Unknown
HOME_ENTERTAINMENT_SERVICES,Other / Unknown
SPORTING_AND_OUTDOOR_GOODS,"Home, Kitchen & Bath"
ABIS_OFFICE_PRODUCT,"Office, Stationery & Crafts"
VINE,Other / Unknown
POWER_RACK,Other / Unknown
DUPATTA,Other / Unknown
CABLE,Electronics & Accessories
Office Product,Other / Unknown
ELECTRONIC_CIGARETTE,Electronics & Accessories
POWER_WINCHES,Other / Unknown
GLOVES,Apparel & Footwear
NONACTIVATED_GIFT_CARD,Gift Cards & Digital
ETHNIC_WEAR,Other / Unknown
TOPICAL_HAIR,Other / Unknown
Paperback,Other / Unknown
THREADING_TAPS,Other / Unknown
ABRASIVE_DISCS,Other / Unknown
ABIS_APPAREL,Apparel & Footwear
FIXED_RESISTOR,Electronics & Accessories
WATERCRAFT_PADDLE,"Office, Stationery & Crafts"
FSN_DEVICES,Other / Unknown
FIRE_GRATE,Other / Unknown
WASHER_DRYER_COMBINATION,Other / Unknown
HARDWARE_ANCHOR,"Auto, Tools & Outdoor"
LIGHT_EMITTING_DIODE,Other / Unknown
CAMERA_POWER_SUPPLY,Electronics & Accessories
POWER_HOISTS,Other / Unknown
BODYSTOCKING,Apparel & Footwear
Electronics,Electronics & Accessories
FASHION_JEWELRY,Apparel & Footwear
CAR_PARTS_AND_ACCESSORIES,Other / Unknown
HORSE_TACK_EQUIPMENT,Other / Unknown
HAMMOCK_STAND,Other / Unknown
GOLF_CART,"Toys, Games & Hobbies"
DOUBLE_BOILERS,Other / Unknown
SAUNA,Other / Unknown
RELISH,Other / Unknown
MUSIC,Other / Unknown
PRINTED_MEDIA,Other / Unknown
PLASTICS,Other / Unknown
BOOKSHELF_OR_MICRO_STEREO_SYS,Books & Media
DIGITAL_DEVICE_5_ACCESSORY,Electronics & Accessories
AGRICULTURAL_SUPPLIES,Other / Unknown
VIDEO_GAME,"Toys, Games & Hobbies"
ELECTRIC_STIRRER,Other / Unknown
BLOUSE,Apparel & Footwear
FITNESS_EQUIPMENT,"Toys, Games & Hobbies"
ELECTRONIC_COMPONENT_LAMP_HOLDER,Electronics & Accessories
FOOD_OR_BEVERAGE_ RMER,Grocery & Food & Beverage
SOIL_AERATOR,Other / Unknown
AGILITY_LADDER,"Auto, Tools & Outdoor"
SHAFT_COLLAR,Other / Unknown
METAL_TUBING,Other / Unknown
